SALESMANID,Name,Ssn,Title,Salary,Age,YearsOfExperience,Address,Gender,State
2,Care Gadman,521258218,Sales Representative,300483,48,8,2 Knutson Road,Male, in-office
4,Lorelei Rosle,858318613,Account Manager,320776,40,4,2 Village Green Crossing,Female, in-office
6,Del Totterdell,670836937,Outside Sales Representative,184559,39,10,3311 Namekagon Circle,Female, in-office
8,Rose Emery,700969523,Account Executive,102088,49,0,6 Vidon Center,Female, in-office
10,Irwinn Bucklan,674857295,Inside Sales Representative,214097,56,5,5841 Iowa Crossing,Male, in-office
12,Joel Plaschke,358616162,Sales Consultant,156761,46,1,13 Hallows Way,Male, in-office
14,Fabe De Vaan,393479251,Sales Manager,390836,39,10,64 Corscot Pass,Male, in-office
16,Joseph Bubear,227695899,Collection Agent,421313,58,4,370 Meadow Vale Terrace,Male, in-office
18,Chantalle Bediss,478130776,Sales Representative,143664,50,0,87714 Moose Parkway,Female, in-office
20,Dietrich Barabich,702140535,Account Manager,382467,41,3,66116 Sherman Plaza,Male, in-office
22,Fionnula Sponder,365706530,Outside Sales Representative,362944,60,7,190 Norway Maple Hill,Female, in-office
24,Dallis Guerreru,850967797,Account Executive,119376,55,0,6 Briar Crest Street,Male, in-office
26,Merline Knowlson,602105862,Inside Sales Representative,420744,58,0,8 Forest Avenue,Female, in-office
28,Kettie Teodorski,548493574,Sales Consultant,420616,57,2,6 Banding Center,Female, in-office
30,Husain Ashfull,599452790,Sales Manager,310767,53,2,0672 Colorado Street,Male, in-office
32,Arlen Northill,137456489,Collection Agent,324252,45,3,1924 Lukken Park,Female, in-office
34,Lanna Nand,567034165,Sales Representative,465176,53,4,5292 Eagan Way,Female, in-office
36,Damien Guyan,321522519,Account Manager,240230,59,9,41013 Sutteridge Circle,Male, in-office
38,Gus Ferbrache,116978981,Outside Sales Representative,197345,58,9,999 Scott Drive,Male, in-office
40,Remus MacKim,519969055,Account Executive,163676,47,8,6854 Maple Wood Way,Male, in-office
42,Christie Tidgewell,550358282,Inside Sales Representative,215481,43,3,111 Glacier Hill Park,Male, in-office
44,Amie Dittson,465304041,Sales Consultant,348771,36,9,1176 Londonderry Center,Female, in-office
46,Donnamarie Jagoe,741437637,Sales Manager,317454,57,0,51802 Oneill Avenue,Female, in-office
48,Kimberly Zolini,149986560,Collection Agent,245796,51,0,3830 Morning Point,Female, in-office
50,Abbot Horsell,634246869,Sales Representative,250997,56,5,4416 Anzinger Way,Male, in-office
52,Rhoda Malham,881448113,Account Manager,107408,42,8,699 Waxwing Avenue,Female, in-office
54,Nixie Boon,603055899,Outside Sales Representative,207160,37,5,838 Westerfield Road,Female, in-office
56,Adriana Gavaghan,108797956,Account Executive,260022,51,3,52019 Lien Parkway,Female, in-office
58,Viviana Cone,178399074,Inside Sales Representative,152355,60,9,726 Everett Parkway,Female, in-office
60,Iain Cowthard,668763528,Sales Consultant,180926,54,9,3498 Hollow Ridge Alley,Male, in-office
62,Skippy Duigan,342434074,Sales Manager,466043,41,3,4 Homewood Road,Male, in-office
64,Coop Anglin,771836807,Collection Agent,175049,60,10,54 Basil Place,Male, in-office
66,Ansell Radeliffe,186211920,Sales Representative,495123,36,5,79200 School Parkway,Male, in-office
68,Vivyanne Brazear,752752522,Account Manager,167426,35,2,4 Crest Line Alley,Female, in-office
70,Darleen Heinzel,112377690,Outside Sales Representative,202860,49,2,158 Algoma Point,Female, in-office
72,Shaughn Kubin,518779769,Account Executive,128062,48,6,12 Hudson Court,Male, in-office
74,Elmore Palfreeman,668888054,Inside Sales Representative,192567,45,5,909 Oak Valley Street,Male, in-office
76,Andres Emnoney,468435239,Sales Consultant,226718,37,5,66194 Dunning Street,Male, in-office
78,Elwin Doogan,509229033,Sales Manager,484311,53,7,3468 Tennyson Avenue,Male, in-office
80,Webb Hext,770284926,Collection Agent,451917,59,1,658 Birchwood Circle,Male, in-office
82,Sheela Trimbey,846294403,Sales Representative,323248,38,1,4 Oxford Plaza,Female, in-office
84,Nye Hegg,507052679,Account Manager,272156,55,6,3624 Corscot Hill,Male, in-office
86,Grete Winders,370236688,Outside Sales Representative,255847,49,3,211 Westerfield Road,Female, in-office
88,Fitz Tassaker,797746075,Account Executive,299978,52,4,840 Loomis Terrace,Male, in-office
90,Laurette Yackiminie,195748341,Inside Sales Representative,243463,43,3,0 Alpine Avenue,Female, in-office
92,Ailsun Fessier,235543502,Sales Consultant,452050,40,7,23 Hoepker Road,Female, in-office
94,Maribel Wolters,575187297,Sales Manager,336970,43,0,048 Green Drive,Female, in-office
96,Joycelin Pountney,889718364,Collection Agent,380281,47,5,60 Thompson Parkway,Female, in-office
98,Peyter Fibbens,342851769,Sales Representative,216006,58,5,7 Corben Street,Male, in-office
100,Egan Hetterich,251743275,Account Manager,382708,41,1,2561 Lighthouse Bay Center,Male, in-office
102,Katharina Norkutt,275103746,Outside Sales Representative,270758,55,2,08 Hazelcrest Park,Female, in-office
104,Den Smout,100062269,Account Executive,333775,41,9,79724 Colorado Way,Male, in-office
106,Camella Bovaird,101912647,Inside Sales Representative,223964,35,10,29598 4th Pass,Female, in-office
108,Enrika Troth,182970823,Sales Consultant,431328,48,8,75346 Fulton Place,Female, in-office
110,Vin Diack,538497194,Sales Manager,383454,56,1,0 Bellgrove Road,Male, in-office
112,Courtenay Gercke,254504237,Collection Agent,305050,50,2,9873 Mifflin Point,Female, in-office
114,Rockey Sanders,130313452,Sales Representative,451497,44,2,6581 Dottie Lane,Male, in-office
116,Lindy Rous,564271992,Account Manager,140176,37,5,61260 Fallview Crossing,Male, in-office
118,Cyb OCosgra,583393983,Outside Sales Representative,287304,37,2,60854 Sunbrook Pass,Female, in-office
120,Clareta Seven,501330176,Account Executive,155668,58,1,2492 Fisk Circle,Female, in-office
122,Nealon Silverthorne,252322633,Inside Sales Representative,270384,60,6,37976 Melody Park,Male, in-office
124,Stafford Melross,679758845,Sales Consultant,345866,36,6,0 Straubel Alley,Male, in-office
126,Darline Mileham,660986677,Sales Manager,109081,39,9,4 Marcy Trail,Female, in-office
128,Mervin Allderidge,531204293,Collection Agent,283973,45,1,86110 Schlimgen Park,Male, in-office
130,Owen Sibbet,865641851,Sales Representative,113399,59,9,02511 Marquette Drive,Male, in-office
132,Berny Langdale,804868400,Account Manager,336711,46,4,169 Rowland Drive,Male, in-office
134,Gerome Kulver,897349530,Outside Sales Representative,407186,56,4,6460 Crest Line Pass,Male, in-office
136,Koren Garm,276023609,Account Executive,270257,55,10,34651 Waubesa Lane,Female, in-office
138,Vicki McWhinnie,849561407,Inside Sales Representative,116070,42,7,3047 Iowa Hill,Female, in-office
140,Georgianne Barhems,711572347,Sales Consultant,452042,45,6,039 Pleasure Street,Female, in-office
142,Milo Hunnicot,370499604,Sales Manager,360707,37,4,2 Myrtle Trail,Male, in-office
144,Terrell Gresswood,717753460,Collection Agent,273659,45,2,1 Pond Lane,Male, in-office
146,Adolph Gibbens,680962649,Sales Representative,184664,58,7,0 Manitowish Street,Male, in-office
148,Danell Lydiatt,799268853,Account Manager,135089,49,0,04 Merrick Center,Female, in-office
150,Fidelio Marczyk,864785910,Outside Sales Representative,407435,52,1,16858 Shelley Plaza,Male, in-office
152,Ad Scane,855821327,Account Executive,297233,56,4,662 Glendale Pass,Male, in-office
154,Gaven Surby,861684328,Inside Sales Representative,408983,59,5,57 Hovde Hill,Male, in-office
156,Elwood Forrestor,752514105,Sales Consultant,252567,42,0,028 2nd Lane,Male, in-office
158,Mair Hobden,187442639,Sales Manager,174177,35,10,48133 Lindbergh Street,Female, in-office
160,Berti MacKean,177304980,Collection Agent,438391,54,5,4526 Springs Circle,Female, in-office
162,Reamonn Carwithim,756686512,Sales Representative,104173,49,8,983 Warner Drive,Male, in-office
164,Fairlie Slyman,629151209,Account Manager,335204,58,5,9529 Golf View Plaza,Male, in-office
166,Mariya Shew,849932107,Outside Sales Representative,223367,38,7,407 Hanover Road,Female, in-office
168,Emmott Garza,670780856,Account Executive,484043,54,8,73854 Holmberg Pass,Male, in-office
170,Pall Malmar,320924855,Inside Sales Representative,488845,53,6,65 Talisman Road,Male, in-office
172,Duncan Goodier,251067453,Sales Consultant,131612,53,10,636 Derek Circle,Male, in-office
174,Geno Zelley,197409166,Sales Manager,433842,37,0,2 Fordem Plaza,Male, in-office
176,Pearle Rowbury,323332358,Collection Agent,399730,60,7,834 Texas Center,Female, in-office
178,Wyatan MacConnel,623946684,Sales Representative,164291,58,7,5 Oneill Terrace,Male, in-office
180,Geno Hubber,321364465,Account Manager,322245,46,7,59 Elka Parkway,Male, in-office
182,Bethanne Trusler,808076875,Outside Sales Representative,484610,40,3,89 Larry Avenue,Female, in-office
184,Thatch Cornwall,592858981,Account Executive,394431,43,1,3669 Barby Pass,Male, in-office
186,Olly Tamburi,425226296,Inside Sales Representative,125842,36,9,23 Southridge Plaza,Male, in-office
188,Emelda Ferrier,171191664,Sales Consultant,361701,58,5,72789 Chive Center,Female, in-office
190,Hartley Bourdel,184755368,Sales Manager,393675,60,1,55 Northridge Terrace,Male, in-office
192,Hadleigh Spriggs,896072100,Collection Agent,321695,60,6,91623 Bartelt Alley,Male, in-office
194,Francine Dowding,460329716,Sales Representative,403518,40,5,75 Blue Bill Park Center,Female, in-office
196,Lesley Hollyland,885834818,Account Manager,324047,58,5,1 Melby Trail,Male, in-office
198,Sacha OCahey,597590738,Outside Sales Representative,474956,43,1,92759 Lunder Drive,Female, in-office
200,Filmore Boarer,491670406,Account Executive,383239,56,7,99145 Mendota Street,Male, in-office
202,Wendel Belfit,234378580,Inside Sales Representative,481279,54,4,049 Becker Pass,Male, in-office
204,Iggie Rumens,201854785,Sales Consultant,494065,38,5,604 David Way,Male, in-office
206,Maurits Chooter,438457206,Sales Manager,119983,40,6,3 Portage Alley,Male, in-office
208,Thain Bims,294299697,Collection Agent,215712,58,9,4 Delaware Drive,Male, in-office
210,Annadiana Hurrion,844114059,Sales Representative,362079,57,10,293 Hovde Junction,Female, in-office
212,Delinda Gudeman,370292515,Account Manager,480623,40,9,461 Arrowood Court,Female, in-office
214,Giacinta St. Paul,757522221,Outside Sales Representative,338189,45,4,5793 5th Road,Female, in-office
216,Con Duddy,141531575,Account Executive,125909,45,8,8842 Florence Street,Female, in-office
218,Jada Baudino,399109918,Inside Sales Representative,280176,46,2,2090 Buell Junction,Female, in-office
220,Butch Carl,755102560,Sales Consultant,135248,56,9,4276 Schiller Lane,Male, in-office
222,Ambrosius Ochterlony,236551744,Sales Manager,152301,35,6,4 Sunnyside Junction,Male, in-office
224,Bonnibelle Jellybrand,499732661,Collection Agent,211271,53,2,14759 Helena Pass,Female, in-office
226,Jephthah Blasi,111490582,Sales Representative,389448,52,2,0560 Rusk Road,Male, in-office
228,Bride Coan,295263590,Account Manager,237150,38,3,105 Summer Ridge Terrace,Female, in-office
230,Corrianne Matthewes,214049779,Outside Sales Representative,308623,36,3,330 Mifflin Way,Female, in-office
232,Muffin Mattisssen,304746591,Account Executive,461257,49,5,34406 Kensington Plaza,Female, in-office
234,Byron Hamill,463344960,Inside Sales Representative,171391,53,8,8 Chinook Street,Male, in-office
236,Lottie Denisyev,600827534,Sales Consultant,221864,40,0,66 Elgar Alley,Female, in-office
238,Bond Brunsen,664085158,Sales Manager,157206,45,2,05 Old Gate Court,Male, in-office
240,Nertie Bolsteridge,742898305,Collection Agent,281207,59,1,4097 Oriole Alley,Female, in-office
242,Estelle Berry,865216371,Sales Representative,233551,47,6,06966 Lotheville Parkway,Female, in-office
244,Cristobal Bendell,603752023,Account Manager,208373,42,10,924 Hayes Road,Male, in-office
246,Simmonds Trenouth,692211806,Outside Sales Representative,395676,43,0,1 Pond Crossing,Male, in-office
248,Retha Reany,512728910,Account Executive,437740,35,9,94 Fuller Terrace,Female, in-office
250,Jessa Peartree,212734551,Inside Sales Representative,219815,38,10,3 Fuller Road,Female, in-office
252,Tully Maletratt,298528010,Sales Consultant,126584,50,4,131 Kipling Lane,Male, in-office
254,Pegeen Stopp,810783256,Sales Manager,245720,44,3,2727 Loftsgordon Way,Female, in-office
256,Blair Girardot,430542553,Collection Agent,287426,40,10,197 Dwight Lane,Female, in-office
258,Wiatt Padillo,249178126,Sales Representative,125606,49,10,58 Straubel Alley,Male, in-office
260,Mathew Ivery,147371513,Account Manager,196692,35,9,6799 Derek Plaza,Male, in-office
262,Amalita Raggles,420660798,Outside Sales Representative,146337,38,0,96134 1st Alley,Female, in-office
264,Elladine Mendoza,137742087,Account Executive,146860,41,5,588 Arkansas Way,Female, in-office
266,Giraldo Sutheran,184243722,Inside Sales Representative,330208,48,7,93 Briar Crest Pass,Male, in-office
268,Shelia Bridgement,780925253,Sales Consultant,306341,49,1,029 Briar Crest Plaza,Female, in-office
270,Derrick Ide,289221903,Sales Manager,429644,41,0,19 Manley Point,Male, in-office
272,Gasper Pawelski,385237718,Collection Agent,391501,52,6,11 Fairview Point,Male, in-office
274,Deedee Yurinov,801055472,Sales Representative,240962,58,10,374 Hollow Ridge Trail,Female, in-office
276,Archer Rowell,857977684,Account Manager,124923,40,8,57784 Crownhardt Lane,Male, in-office
278,Henrietta Ollenbuttel,137271247,Outside Sales Representative,405591,56,8,817 Riverside Drive,Female, in-office
280,Vite Gaze,264032973,Account Executive,444303,35,4,36 Delaware Circle,Male, in-office
282,Ezra Agney,484863549,Inside Sales Representative,310391,43,10,39 Pennsylvania Center,Male, in-office
284,Antonia Hibbart,354190885,Sales Consultant,440445,55,6,86205 Debra Park,Female, in-office
286,Nicki Doe,859281172,Sales Manager,151872,39,6,9362 Westerfield Point,Female, in-office
288,Ario Fridd,108895178,Collection Agent,499872,44,1,26712 Northwestern Way,Male, in-office
290,Loydie McCloch,770844719,Sales Representative,101923,51,2,92 Nobel Circle,Male, in-office
292,Vilhelmina Mabbot,423701392,Account Manager,120372,38,2,7 Main Park,Female, in-office
294,Jens Guys,857887489,Outside Sales Representative,392424,40,2,0 Sundown Court,Male, in-office
296,Zachery Grishmanov,531611838,Account Executive,176172,46,10,88 Dunning Street,Male, in-office
298,Temp Dennis,351579252,Inside Sales Representative,334246,52,8,374 Michigan Parkway,Male, in-office
300,Laird Womersley,372090216,Sales Consultant,319375,35,7,8 Reinke Court,Male, in-office
302,Ase Pinn,816908121,Sales Manager,411153,49,7,193 Southridge Center,Male, in-office
304,Nilson Kilgannon,849974282,Collection Agent,181332,36,5,7739 Ramsey Junction,Male, in-office
306,Hagen Olohan,599283854,Sales Representative,173751,53,2,7 Shopko Drive,Male, in-office
308,Dari Melton,784211998,Account Manager,425262,40,0,4181 Goodland Lane,Female, in-office
310,Amata Bootes,700524503,Outside Sales Representative,414524,37,8,14 Victoria Plaza,Female, in-office
312,Deena Ochterlony,145980622,Account Executive,180461,43,9,744 Moose Road,Female, in-office
314,Nev Hemshall,688701730,Inside Sales Representative,164832,60,9,17 Calypso Pass,Male, in-office
316,Lexis Guenther,335041149,Sales Consultant,268292,38,4,4407 Upham Junction,Female, in-office
318,Pat Carrane,815955145,Sales Manager,309111,41,8,68819 Crescent Oaks Circle,Male, in-office
320,Viv Rosenfeld,554156765,Collection Agent,397638,58,5,11 Lakeland Alley,Female, in-office
322,Alys Fair,378862651,Sales Representative,294948,35,9,23177 Schmedeman Junction,Female, in-office
324,Ivette Senyard,504424267,Account Manager,244846,58,3,49 Anhalt Drive,Female, in-office
326,Eb Boydle,116289816,Outside Sales Representative,432699,36,1,9285 Scott Trail,Male, in-office
328,Prinz Mart,242982395,Account Executive,167172,59,3,6045 Warrior Trail,Male, in-office
330,Georgianne Wordsley,489546700,Inside Sales Representative,340411,46,5,460 Dapin Street,Female, in-office
332,Kelly Philliphs,704047288,Sales Consultant,128585,52,10,914 Goodland Trail,Male, in-office
334,Miles Bonsale,455742966,Sales Manager,313429,56,10,9214 Tennessee Lane,Male, in-office
336,Francine Siddall,848056283,Collection Agent,372500,59,9,374 Fair Oaks Pass,Female, in-office
338,Gustave Macenzy,295911907,Sales Representative,196931,58,9,7 Rowland Park,Male, in-office
340,Boycie Hinsch,327526558,Account Manager,147858,49,2,67 Morrow Court,Male, in-office
342,Gabi Dyerson,514960927,Outside Sales Representative,213532,48,8,6 Lotheville Alley,Male, in-office
344,Marline Dunton,814680765,Account Executive,193934,49,9,91 Pond Pass,Female, in-office
346,Ody Flipsen,882630526,Inside Sales Representative,154493,37,5,2 Becker Place,Male, in-office
348,Son Kalinsky,871800131,Sales Consultant,256243,52,6,143 Vidon Point,Male, in-office
350,Spencer Stuckford,850172033,Sales Manager,408330,45,4,49605 Canary Crossing,Male, in-office
352,Birgitta Soal,543390005,Collection Agent,220588,46,8,46651 Shopko Way,Female, in-office
354,Burt Carriage,395710792,Sales Representative,404314,56,2,68 Brickson Park Place,Male, in-office
356,Frederic Apthorpe,453414040,Account Manager,274367,41,5,8305 Macpherson Circle,Male, in-office
358,Jami Mansel,673763714,Outside Sales Representative,128154,38,10,7371 Annamark Road,Female, in-office
360,Philipa Collomosse,771867308,Account Executive,408544,57,1,093 Jana Point,Female, in-office
362,Karilynn Hanscome,751810149,Inside Sales Representative,417125,49,6,06 Hallows Way,Female, in-office
364,Kimberly Alabastar,380849670,Sales Consultant,238244,43,8,9 Spaight Street,Female, in-office
366,Ilario Sivill,659063076,Sales Manager,334276,39,3,865 Sunnyside Center,Male, in-office
368,Augy Bocke,366069090,Collection Agent,142132,37,5,90 Ridge Oak Terrace,Male, in-office
370,Wolf Godart,822993510,Sales Representative,176459,43,3,89255 Eggendart Circle,Male, in-office
372,Steve Upchurch,792583137,Account Manager,311289,38,7,4070 Merry Place,Male, in-office
374,Lark Scroyton,510061251,Outside Sales Representative,437598,36,4,112 Hudson Center,Female, in-office
376,Tommy Fido,471890524,Account Executive,218375,53,0,62252 Schlimgen Terrace,Male, in-office
378,Boote Trott,879286565,Inside Sales Representative,231865,60,4,4 Southridge Parkway,Male, in-office
380,Zelig Sellwood,340159075,Sales Consultant,383164,55,6,717 Cody Avenue,Male, in-office
382,Allin Quant,154856082,Sales Manager,355653,52,2,874 Carpenter Lane,Male, in-office
384,Annice Kelledy,865792449,Collection Agent,271004,46,9,49 Anderson Terrace,Female, in-office
386,Gerald Dyet,723683474,Sales Representative,155323,50,5,2 Carey Terrace,Male, in-office
388,Lewes Keneleyside,529310017,Account Manager,168594,36,8,866 Debra Terrace,Male, in-office
390,Hubert Lockyer,855054265,Outside Sales Representative,124157,58,8,08 Monterey Lane,Male, in-office
392,Gabie Ferrers,641077064,Account Executive,327965,41,1,96046 Coolidge Crossing,Female, in-office
394,Welbie Cuskery,559063887,Inside Sales Representative,449666,52,4,4 Lillian Park,Male, in-office
396,Luther Poulney,748825342,Sales Consultant,255654,37,1,3 Summerview Center,Male, in-office
398,Beck Chasmor,711135715,Sales Manager,457009,55,3,9183 Nova Hill,Male, in-office
400,Ardith Massy,893245821,Collection Agent,198035,54,7,2 Di Loreto Parkway,Female, in-office
402,Krisha Shrieve,517450266,Sales Representative,251857,37,0,667 Paget Lane,Male, in-office
404,Tobe Karpman,145920997,Account Manager,391469,40,3,55205 Dapin Hill,Female, in-office
406,Karleen MacLaren,507100773,Outside Sales Representative,263271,45,0,2698 Hoard Crossing,Female, in-office
408,Curtice Bartoloma,247250413,Account Executive,297501,36,0,72318 Pawling Lane,Male, in-office
410,Mortimer Kitteman,380474776,Inside Sales Representative,390759,35,4,1 Sutteridge Place,Male, in-office
412,Gannon Bidewell,241393548,Sales Consultant,394560,58,8,231 East Hill,Male, in-office
414,Carlina Spurling,310609975,Sales Manager,269748,55,9,31367 Sycamore Center,Female, in-office
416,Lynne Withams,428203794,Collection Agent,243373,56,2,4 Westport Center,Female, in-office
418,Freida Northfield,511088215,Sales Representative,239544,44,1,14011 Debra Place,Female, in-office
420,Mame Frarey,228470221,Account Manager,373169,55,3,108 Fieldstone Avenue,Female, in-office
422,Joly Bampton,279125952,Outside Sales Representative,282734,35,3,64 Forest Avenue,Female, in-office
424,Armstrong Pilbeam,774450531,Account Executive,192980,45,9,361 Saint Paul Circle,Male, in-office
426,Torr Tolliday,152275883,Inside Sales Representative,145003,51,9,972 Kenwood Hill,Male, in-office
428,Sandro Tingcomb,427462967,Sales Consultant,448914,46,0,55 Maywood Point,Male, in-office
430,Bronny Habbon,841664529,Sales Manager,263301,38,3,12660 Warner Parkway,Male, in-office
432,Benton McGill,866587019,Collection Agent,341549,43,2,914 Anhalt Plaza,Male, in-office
434,Evangelia Stratz,702471477,Sales Representative,374233,40,3,39239 Forest Run Road,Female, in-office
436,Lauren Lincoln,796785107,Account Manager,361627,45,5,61 Mockingbird Lane,Male, in-office
438,Si Cucinotta,627663241,Outside Sales Representative,286721,36,4,8 Crescent Oaks Drive,Male, in-office
440,Brockie Griffiths,697332798,Account Executive,390323,57,4,586 Lyons Way,Male, in-office
442,Bambie Inchan,321982111,Inside Sales Representative,314882,40,3,1 Atwood Court,Female, in-office
444,Job Tooby,899743122,Sales Consultant,134897,54,7,521 Oak Valley Plaza,Male, in-office
446,Wynne Atton,879524613,Sales Manager,355216,45,10,8442 Tomscot Crossing,Female, in-office
448,Zorina Widger,598284119,Collection Agent,182683,40,2,86443 Warrior Crossing,Female, in-office
450,Patty Caccavale,334771473,Sales Representative,205852,56,6,34 Arrowood Terrace,Female, in-office
452,Andrus Bonson,894634056,Account Manager,496161,59,6,4 Dorton Avenue,Male, in-office
454,Killian Barnwell,653169891,Outside Sales Representative,401445,52,2,09 Chinook Point,Male, in-office
456,Madelene Tyson,138540794,Account Executive,215357,35,5,82 Pawling Lane,Female, in-office
458,Morena Petheridge,276715348,Inside Sales Representative,236584,44,2,25 Meadow Valley Drive,Female, in-office
460,Julie Cordel,507975178,Sales Consultant,402556,45,4,9 Grayhawk Hill,Male, in-office
462,Ardenia Fendt,207012524,Sales Manager,378548,51,0,42 Rieder Pass,Female, in-office
464,Durante Dewdney,409712670,Collection Agent,199341,36,9,449 Jana Trail,Male, in-office
466,Eloisa Reinhardt,804086822,Sales Representative,147902,46,0,4 Lyons Terrace,Female, in-office
468,Aimil Kearsley,322023278,Account Manager,177163,47,9,81 Lien Point,Female, in-office
470,Travers Camin,797180295,Outside Sales Representative,119385,44,0,0 Roth Park,Male, in-office
472,Gerald Mensler,560395860,Account Executive,214755,59,9,97 Westend Plaza,Male, in-office
474,Shelli Snaden,444668628,Inside Sales Representative,180070,56,9,79 Evergreen Street,Female, in-office
476,Darci Aleksich,579054670,Sales Consultant,298565,54,0,89372 Stuart Parkway,Female, in-office
478,Ulrich Barrim,864247395,Sales Manager,171500,56,3,5 Chive Drive,Male, in-office
480,Lewes North,736201813,Collection Agent,225987,50,0,65763 Mitchell Avenue,Male, in-office
482,Ray Letts,847392488,Sales Representative,433826,47,7,18335 Mallory Hill,Male, in-office
484,Vitia Hallihane,680383566,Account Manager,438292,37,5,8 Browning Alley,Female, in-office
486,Vern Maffioletti,130939369,Outside Sales Representative,258679,46,5,39810 Amoth Plaza,Male, in-office
488,Myrah Pennycord,745584160,Account Executive,234021,47,4,58 Glacier Hill Center,Female, in-office
490,Dal Kingsman,274989211,Inside Sales Representative,492398,49,2,539 Oak Valley Street,Male, in-office
492,Una Fierro,250160240,Sales Consultant,118868,58,2,89628 Monterey Terrace,Female, in-office
494,Anson Caldecourt,647823651,Sales Manager,124064,58,1,0799 Victoria Center,Male, in-office
496,Sonny Blount,177795593,Collection Agent,393780,55,2,612 Kings Street,Male, in-office
498,Andros Tweede,378991721,Sales Representative,424982,43,6,78903 Debra Road,Male, in-office
500,Rochella Pedrielli,276891807,Account Manager,219622,50,5,32 Lake View Pass,Female, in-office
502,Brinn Keerl,886891180,Outside Sales Representative,345042,56,5,6954 Burning Wood Lane,Female, in-office
504,Cassondra Clarabut,716166705,Account Executive,198855,54,2,8668 Hanson Road,Female, in-office
506,Alisha Unthank,354137066,Inside Sales Representative,227340,55,10,791 Lotheville Place,Female, in-office
508,Yetta Broinlich,263748625,Sales Consultant,394522,58,0,064 Loeprich Trail,Female, in-office
510,Whitney Darley,197525306,Sales Manager,299429,40,6,67940 Brickson Park Trail,Male, in-office
512,Ange Daburn,491952702,Collection Agent,102172,58,9,602 Clemons Drive,Male, in-office
514,Dolph Maliphant,193364310,Sales Representative,198429,59,2,42643 Red Cloud Street,Male, in-office
516,Ulric Counsell,257502609,Account Manager,264950,51,7,213 Ruskin Way,Male, in-office
518,Giustina Donegan,734826397,Outside Sales Representative,406625,54,7,25558 Acker Drive,Female, in-office
520,Shaun McCalum,183845082,Account Executive,423860,56,3,47604 Esch Alley,Female, in-office
522,Ezra Goldup,814295039,Inside Sales Representative,498352,39,9,571 Nelson Avenue,Male, in-office
524,Travis Vescovo,410328304,Sales Consultant,263106,55,0,33501 Buell Plaza,Male, in-office
526,Elfie Neillans,491032811,Sales Manager,291386,58,8,72 Tony Road,Female, in-office
528,Collete Gambles,898504601,Collection Agent,415619,44,5,2 Hermina Park,Female, in-office
530,Ernie Rissom,300475146,Sales Representative,459014,59,7,9337 South Pass,Male, in-office
532,Jenna Hurche,700681866,Account Manager,335725,58,2,5276 Quincy Parkway,Female, in-office
534,Maureene Keam,289238726,Outside Sales Representative,445342,43,2,39743 Gateway Hill,Female, in-office
536,Lamond Grouse,422735357,Account Executive,196037,44,2,064 Saint Paul Crossing,Male, in-office
538,Claudetta Rossiter,376366294,Inside Sales Representative,490460,43,5,20 Longview Drive,Female, in-office
540,Luther Knightley,626605611,Sales Consultant,341038,35,1,88223 Elmside Hill,Male, in-office
542,Gallagher Garett,542583328,Sales Manager,338218,50,6,61 Anzinger Lane,Male, in-office
544,Felisha Bernini,513107210,Collection Agent,375177,37,8,4465 Ridge Oak Way,Female, in-office
546,Constantine Whitehead,390986004,Sales Representative,476029,44,6,796 Hazelcrest Park,Female, in-office
548,Buffy Laddle,236576227,Account Manager,169624,47,6,879 Warrior Trail,Female, in-office
550,Shayne Leadston,187938590,Outside Sales Representative,115881,48,7,6 Kenwood Drive,Female, in-office
552,Penny Hargerie,244610515,Account Executive,319096,45,7,804 Oneill Drive,Male, in-office
554,Rudiger Surgenor,733375139,Inside Sales Representative,131016,42,6,59037 Melby Drive,Male, in-office
556,Stephanus Garrard,652475543,Sales Consultant,304927,44,2,1930 Schlimgen Court,Male, in-office
558,Moe Allbut,161474356,Sales Manager,339259,43,9,2992 Del Mar Plaza,Male, in-office
560,Armin Yakubov,172132157,Collection Agent,215179,58,5,65 Carberry Pass,Male, in-office
562,Abey Capner,521687192,Sales Representative,107780,53,5,0 Del Sol Crossing,Male, in-office
564,Koral Pickrell,320238844,Account Manager,325128,35,10,2629 Carberry Road,Female, in-office
566,Abel Sawkin,661707017,Outside Sales Representative,217453,59,1,2 Ohio Parkway,Male, in-office
568,Curtis Rosie,757333839,Account Executive,275821,40,1,4 Center Crossing,Male, in-office
570,Cordie Hinckley,784729874,Inside Sales Representative,136568,37,5,7 Maywood Parkway,Male, in-office
572,Georgie Molesworth,486247669,Sales Consultant,283510,55,4,66829 Merrick Way,Female, in-office
574,Veda Johanssen,498351963,Sales Manager,282239,51,5,724 3rd Plaza,Female, in-office
576,Mohammed Starmer,533950454,Collection Agent,364793,40,8,73815 Shelley Pass,Male, in-office
578,Joyous Cancellieri,597746977,Sales Representative,422974,50,7,3 Basil Trail,Female, in-office
580,Abdul Ducham,160555100,Account Manager,172344,38,2,840 Crescent Oaks Court,Male, in-office
582,Eddy Seeger,160139244,Outside Sales Representative,314246,55,8,54 Dottie Lane,Female, in-office
584,Meryl Hanssmann,471456018,Account Executive,143192,60,3,78 Dennis Park,Female, in-office
586,Callean Reisk,769874161,Inside Sales Representative,305047,47,0,17 Sutteridge Point,Male, in-office
588,Joey Crennan,885070249,Sales Consultant,171656,44,2,2135 Sycamore Way,Female, in-office
590,Hedi Rappa,386054198,Sales Manager,183672,60,6,7313 Brown Pass,Female, in-office
592,Alina Makiver,237170992,Collection Agent,197027,36,7,0 Briar Crest Crossing,Female, in-office
594,Isadore Macauley,627943813,Sales Representative,496381,52,2,3572 Golf Course Junction,Male, in-office
596,Sisile Bicheno,781281363,Account Manager,424595,49,2,746 Spaight Place,Female, in-office
598,Candace Sweeny,867691964,Outside Sales Representative,178036,51,4,7934 Tennessee Road,Female, in-office
600,Tawsha Ridsdell,772054178,Account Executive,471393,55,7,1789 Stephen Road,Female, in-office
602,Brady Gosland,742210591,Inside Sales Representative,216928,58,6,001 Lyons Crossing,Male, in-office
604,Orton Spick,558993290,Sales Consultant,275879,58,7,3 Mccormick Avenue,Male, in-office
606,Kylie Tracey,550465568,Sales Manager,469181,44,9,27327 Eastwood Way,Male, in-office
608,Lu Vaggs,490835784,Collection Agent,370461,53,10,315 South Street,Female, in-office
610,Barde Barnhill,860882690,Sales Representative,115903,42,1,88414 Weeping Birch Place,Male, in-office
612,Marsiella Holton,827369039,Account Manager,496016,60,10,74680 Darwin Center,Female, in-office
614,Paddy MacLeese,173656485,Outside Sales Representative,155205,45,8,2 Fairview Center,Male, in-office
616,Eldridge Dagless,490264187,Account Executive,294062,38,7,310 Upham Park,Male, in-office
618,Josias Shannahan,443964879,Inside Sales Representative,212538,39,9,9703 Artisan Crossing,Male, in-office
620,Roseanna Foard,810992599,Sales Consultant,263093,58,3,75160 Anthes Trail,Female, in-office
622,Abner Males,490033022,Sales Manager,220375,40,5,097 Lillian Way,Male, in-office
624,Rees Leathart,248111434,Collection Agent,316708,56,10,6 Carioca Street,Male, in-office
626,Stanly Hundley,808763872,Sales Representative,367862,41,7,456 Arkansas Street,Male, in-office
628,Haskell Banck,746044887,Account Manager,429636,60,4,5 Morning Pass,Male, in-office
630,Joann Lumley,418676025,Outside Sales Representative,267951,47,7,02 Atwood Place,Female, in-office
632,Bertine Bumphries,409022736,Account Executive,422100,42,2,65 Northland Road,Female, in-office
634,Jermain Shilton,382925654,Inside Sales Representative,423496,58,1,2609 Hovde Terrace,Male, in-office
636,Wilden Hughlock,671377049,Sales Consultant,272280,49,9,74415 Lerdahl Terrace,Male, in-office
638,Gene Brushfield,845311305,Sales Manager,123711,50,4,8318 Mendota Point,Female, in-office
640,Emmeline Liddall,108924999,Collection Agent,490457,51,4,636 Myrtle Street,Female, in-office
642,Gaspar Sevior,761785982,Sales Representative,153743,57,5,90204 Merchant Pass,Male, in-office
644,Edd Houseman,663248483,Account Manager,431478,50,1,413 Lien Hill,Male, in-office
646,Ulrikaumeko Santora,795748463,Outside Sales Representative,429301,45,4,3 Waxwing Circle,Female, in-office
648,Paolina Haggish,583780016,Account Executive,177933,49,8,0561 Tennyson Court,Female, in-office
650,Ethelred Dimmick,586204701,Inside Sales Representative,495726,58,5,669 Blackbird Way,Male, in-office
652,Adair Karel,515594594,Sales Consultant,143852,59,7,20 Kingsford Plaza,Male, in-office
654,Mala Wield,552099788,Sales Manager,242287,41,8,4721 Weeping Birch Point,Female, in-office
656,Thelma Vlasin,465787895,Collection Agent,310027,40,5,06250 Elka Road,Female, in-office
658,Tildi McCarron,776870415,Sales Representative,380419,41,5,37515 Welch Plaza,Female, in-office
660,Jayson Coveny,223901671,Account Manager,105980,57,10,4440 Buell Plaza,Male, in-office
662,Gradeigh Shadfourth,211553645,Outside Sales Representative,111172,46,2,5 Superior Terrace,Male, in-office
664,Halley Myrick,349519859,Account Executive,350894,59,1,47518 Nelson Crossing,Female, in-office
666,Murial Dowers,694668136,Inside Sales Representative,491087,55,3,70 Ilene Alley,Female, in-office
668,Genevra Setch,868693942,Sales Consultant,207258,59,9,3 Bartillon Lane,Female, in-office
670,Fransisco Rummings,821546412,Sales Manager,257182,41,2,16 Doe Crossing Center,Male, in-office
672,Sadella Calderbank,365869539,Collection Agent,443545,55,9,4893 Sullivan Alley,Female, in-office
674,Paula Jarman,697318430,Sales Representative,122814,51,0,0 Riverside Pass,Female, in-office
676,Jordana Walmsley,258014649,Account Manager,114258,38,1,1820 Norway Maple Center,Female, in-office
678,Tanhya Forsyde,724379497,Outside Sales Representative,145417,38,10,72166 Gina Parkway,Female, in-office
680,Chaunce Sunter,845111601,Account Executive,147931,47,4,9175 Express Street,Male, in-office
682,Jeanne Hallworth,599671149,Inside Sales Representative,442893,40,2,3422 Ridge Oak Park,Female, in-office
684,Wakefield Wise,892745130,Sales Consultant,312215,41,2,7907 Hooker Alley,Male, in-office
686,Betsey Tilio,658284471,Sales Manager,368120,50,6,5 Kenwood Pass,Female, in-office
688,Kyle Greves,792244889,Collection Agent,148606,48,2,1418 Eastwood Way,Male, in-office
690,Ker Ackland,466461643,Sales Representative,272741,36,7,7 Valley Edge Way,Male, in-office
692,Valida Glavias,856990045,Account Manager,442263,56,4,6642 Boyd Plaza,Female, in-office
694,Georgine Hrishanok,775622419,Outside Sales Representative,394517,41,6,7282 Continental Place,Female, in-office
696,Arielle Fantone,873143754,Account Executive,423194,35,4,51796 Buhler Pass,Female, in-office
698,Allx Blackborough,263045224,Inside Sales Representative,242343,37,3,60232 Namekagon Junction,Female, in-office
700,Ty Perfitt,541819534,Sales Consultant,376172,57,6,50910 Algoma Park,Male, in-office
702,Kit Simeoli,528164701,Sales Manager,433042,54,8,22144 Dorton Place,Male, in-office
704,Falkner Matejic,347736769,Collection Agent,271550,58,8,3 North Alley,Male, in-office
706,Auroora Reiling,151840483,Sales Representative,256139,44,8,52 Dottie Avenue,Female, in-office
708,Stan Sitlinton,811144588,Account Manager,169277,42,8,5 Eastwood Way,Male, in-office
710,Trace Struther,237723550,Outside Sales Representative,167548,46,6,38 Oak Pass,Male, in-office
712,Lexy Cheeney,565886384,Account Executive,177573,36,2,6087 Welch Hill,Female, in-office
714,Anjela Jorden,501320571,Inside Sales Representative,214392,51,6,33 Rieder Junction,Female, in-office
716,Roland Gribble,315848845,Sales Consultant,474625,37,7,4656 2nd Way,Male, in-office
718,Carlynne Burburough,638528177,Sales Manager,495181,49,1,97 International Crossing,Female, in-office
720,Klarrisa Ide,524848935,Collection Agent,166543,45,10,27281 Bonner Pass,Female, in-office
722,Gawain Bruhnke,115067316,Sales Representative,163533,56,9,92063 Oakridge Court,Male, in-office
724,Ruthie Kibbey,284981833,Account Manager,421227,43,10,6 Homewood Way,Female, in-office
726,Olly Yerby,307786078,Outside Sales Representative,330839,54,6,69 Gale Court,Female, in-office
728,Tamra Sculley,808390568,Account Executive,227130,53,0,274 Randy Avenue,Female, in-office
730,Dell Clitsome,191497726,Inside Sales Representative,144512,39,5,116 Rockefeller Trail,Female, in-office
732,Danell Gerwood,716918404,Sales Consultant,442950,52,1,0949 Surrey Park,Female, in-office
734,Cherice Breeze,709782220,Sales Manager,292177,43,1,4215 Charing Cross Pass,Female, in-office
736,Fonz Wakelin,347072541,Collection Agent,452588,51,4,137 Di Loreto Drive,Male, in-office
738,Cathrine Bales,877116954,Sales Representative,349942,43,7,0 Boyd Street,Female, in-office
740,Felicity Bale,569421656,Account Manager,285573,45,6,35983 Talisman Junction,Female, in-office
742,Daron Nial,579700896,Outside Sales Representative,447831,45,8,43 Chive Center,Male, in-office
744,Madelaine Plowell,497319494,Account Executive,167644,39,10,60566 Northland Street,Female, in-office
746,Averil Thurstan,615055353,Inside Sales Representative,455526,46,4,9226 Redwing Junction,Male, in-office
748,Arne Franssen,737840758,Sales Consultant,428206,37,10,71 Towne Plaza,Male, in-office
750,Hewett L Anglois,592229781,Sales Manager,336798,50,7,6297 Commercial Way,Male, in-office
752,Shadow Widmoor,399919652,Collection Agent,219813,41,2,0083 Rusk Terrace,Male, in-office
754,Shayne Eat,720495833,Sales Representative,379744,51,7,11563 Graedel Point,Female, in-office
756,Kipp Shay,560814042,Account Manager,326004,54,2,3261 Armistice Circle,Male, in-office
758,Taite Byron,390963654,Outside Sales Representative,263670,44,7,70438 Lakewood Crossing,Male, in-office
760,Connie Stoakes,618440225,Account Executive,384911,38,4,57317 Rieder Hill,Male, in-office
762,Brigitta Falla,623772334,Inside Sales Representative,447629,43,6,7213 Oxford Hill,Female, in-office
764,Luella Paskins,594103294,Sales Consultant,413475,51,5,82116 Pearson Court,Female, in-office
766,Bridgette FranzSchoninger,722350192,Sales Manager,495861,40,10,96 Green Lane,Female, in-office
768,Rockey Milley,435044357,Collection Agent,378170,48,5,4101 Waxwing Trail,Male, in-office
770,Boris McArdle,743360579,Sales Representative,151440,54,7,18 Elgar Park,Male, in-office
772,Ferrell SandsAllan,739030138,Account Manager,442821,51,3,8506 Karstens Way,Male, in-office
774,Bondon Blancowe,630395755,Outside Sales Representative,218122,58,9,98 Blaine Plaza,Male, in-office
776,Marietta Challen,737015062,Account Executive,144298,40,3,994 Gerald Point,Female, in-office
778,Rubia Storkes,441077787,Inside Sales Representative,448582,38,8,1752 Dorton Avenue,Female, in-office
780,Mari Eckhard,363880803,Sales Consultant,313216,36,0,4 Fuller Alley,Female, in-office
782,Veronika Renbold,453293402,Sales Manager,159280,41,8,6386 Del Mar Parkway,Female, in-office
784,Curtice Finlry,566953101,Collection Agent,354023,57,8,7 Parkside Lane,Male, in-office
786,Jasmine Jugging,760560382,Sales Representative,341075,42,0,52 Summit Point,Female, in-office
788,Shermy Kembley,173990513,Account Manager,198065,45,0,48972 Blackbird Plaza,Male, in-office
790,Riannon Vigors,337104944,Outside Sales Representative,214444,58,7,53 Crownhardt Avenue,Female, in-office
792,Louise Cradick,120546180,Account Executive,241433,57,4,9 Hagan Crossing,Female, in-office
794,Rosco Scones,209787629,Inside Sales Representative,234075,50,6,937 Vernon Pass,Male, in-office
796,Saunderson Grimsdike,221405926,Sales Consultant,470812,38,10,6 Florence Plaza,Male, in-office
798,Maible Baldacchi,741110719,Sales Manager,436042,53,6,794 Scofield Terrace,Female, in-office
800,Florry Parysowna,792768247,Collection Agent,121772,54,0,260 Arkansas Place,Female, in-office
802,Anestassia Perago,894966301,Sales Representative,115731,36,7,39788 Crowley Road,Female, in-office
804,Fannie Readshaw,347925378,Account Manager,205077,60,9,82717 Northridge Place,Female, in-office
806,Fair Luety,739935683,Outside Sales Representative,309390,53,1,7320 Stone Corner Pass,Male, in-office
808,Leone Masdin,545959062,Account Executive,177568,52,8,6 Dennis Junction,Female, in-office
810,Cordie Lightbody,741501636,Inside Sales Representative,312131,50,7,061 La Follette Terrace,Male, in-office
812,Nichols Bruckmann,487267544,Sales Consultant,284692,53,5,44163 Laurel Road,Male, in-office
814,Joela Watkin,188154762,Sales Manager,324314,42,7,07 Melby Terrace,Female, in-office
816,Murray Collip,441931442,Collection Agent,272144,40,3,4380 Steensland Crossing,Male, in-office
818,Dulcy Mosey,829179080,Sales Representative,117128,50,6,53997 Sachtjen Hill,Female, in-office
820,Trudy Nacey,682118950,Account Manager,338334,50,6,8414 Fulton Plaza,Female, in-office
822,Ruthanne Jersch,260716526,Outside Sales Representative,213426,54,9,5973 Duke Center,Female, in-office
824,Tabby Drinkall,818154261,Account Executive,445434,43,9,4818 Butterfield Way,Female, in-office
826,Abbie Dast,554185262,Inside Sales Representative,492568,56,8,271 Nancy Way,Male, in-office
828,Dennison Orys,347190300,Sales Consultant,267935,46,7,3646 Jenna Avenue,Male, in-office
830,Wadsworth Pettus,496451953,Sales Manager,190065,49,2,70 Rieder Plaza,Male, in-office
832,Lurlene Stitfall,215268985,Collection Agent,265354,49,0,84583 Hallows Hill,Female, in-office
834,Marshall De Gouy,191502625,Sales Representative,494696,52,7,6355 Messerschmidt Avenue,Male, in-office
836,Lauree Kleuer,543092318,Account Manager,178260,58,2,59225 Continental Parkway,Female, in-office
838,Reeta Smurfit,601190396,Outside Sales Representative,200294,55,1,19539 Grim Lane,Female, in-office
840,Riordan Talloe,671282984,Account Executive,229807,53,5,94669 Clemons Park,Male, in-office
842,Roderic Stopforth,855376386,Inside Sales Representative,390052,55,6,90385 Lien Alley,Male, in-office
844,Suzy Domerque,263957596,Sales Consultant,402698,37,3,43 Hauk Junction,Female, in-office
846,Esther Prestidge,798884707,Sales Manager,382819,59,10,90 Kipling Way,Female, in-office
848,Ketty Fishpool,777583542,Collection Agent,153972,43,7,1460 Oriole Center,Female, in-office
850,Jennica Antonchik,335763222,Sales Representative,350970,45,9,6 Village Way,Female, in-office
852,Ethel Sallenger,141190828,Account Manager,343011,55,2,31774 Pearson Avenue,Female, in-office
854,Dyna Karmel,409111267,Outside Sales Representative,235316,40,1,40 Comanche Drive,Female, in-office
856,Honor Geggie,734902176,Account Executive,440485,35,8,94061 Milwaukee Street,Female, in-office
858,Jerrie Ceaser,615237569,Inside Sales Representative,407298,35,6,7 Rowland Lane,Female, in-office
860,Arturo Jenoure,346889806,Sales Consultant,237429,47,10,098 Dottie Drive,Male, in-office
862,Ame Crookshank,633616231,Sales Manager,376289,57,4,6876 Warrior Place,Female, in-office
864,Torry OHeffernan,154940317,Collection Agent,111434,58,3,2 Evergreen Court,Male, in-office
866,Claretta McKyrrelly,562120998,Sales Representative,471758,55,1,0904 Coolidge Street,Female, in-office
868,Madelena Strognell,698761522,Account Manager,381692,56,2,435 Kingsford Way,Female, in-office
870,Bernadene Jurasz,376121422,Outside Sales Representative,407596,59,6,77404 Rutledge Plaza,Female, in-office
872,Netti Klassman,275953760,Account Executive,499062,49,9,63 Northfield Hill,Female, in-office
874,Malchy Skipp,292115945,Inside Sales Representative,213079,45,5,82 Kim Court,Male, in-office
876,Elyn Nickoll,618799138,Sales Consultant,207652,52,6,489 Fair Oaks Trail,Female, in-office
878,Evelina Coleiro,895529490,Sales Manager,290663,60,6,5142 Service Junction,Female, in-office
880,Lemuel Forestel,833973663,Collection Agent,281125,44,4,414 Manley Hill,Male, in-office
882,Charo Cassley,205928511,Sales Representative,109906,59,4,1 Kensington Parkway,Female, in-office
884,Dina Lancett,856976169,Account Manager,337845,36,0,60105 Prairieview Road,Female, in-office
886,Ulises Aime,616230916,Outside Sales Representative,451051,54,4,7 Bashford Park,Male, in-office
888,Tanya Mundell,710230119,Account Executive,179223,56,7,95 Hazelcrest Lane,Female, in-office
890,Warner Plover,892911008,Inside Sales Representative,373129,55,1,5724 Basil Park,Male, in-office
892,Kingsley Gertz,678212811,Sales Consultant,306491,38,2,643 Heath Terrace,Male, in-office
894,Abbi Nuth,204920716,Sales Manager,405710,37,2,119 Crownhardt Junction,Female, in-office
896,Evanne Hanshawe,746124339,Collection Agent,445492,59,7,7 Blackbird Trail,Female, in-office
898,Bing Parriss,719143537,Sales Representative,359390,36,7,58364 Brentwood Lane,Male, in-office
900,Loretta Brierley,459044829,Account Manager,151157,56,3,7 Ilene Pass,Female, in-office
902,Eldin Reasce,288113496,Outside Sales Representative,323730,54,5,0 Carberry Way,Male, in-office
904,Aubrey Tabb,858992975,Account Executive,182396,38,4,2 Troy Road,Male, in-office
906,Ester Braidon,391554960,Inside Sales Representative,113337,48,6,2 5th Parkway,Female, in-office
908,Lyndell Tollemache,370334271,Sales Consultant,476039,48,1,7389 Gulseth Way,Female, in-office
910,Matty Faustian,420471283,Sales Manager,379934,49,6,2 Dorton Way,Male, in-office
912,Valentin Adlington,868168658,Collection Agent,306943,38,3,260 Fieldstone Way,Male, in-office
914,Angus Havenhand,247342330,Sales Representative,131605,49,3,0 La Follette Way,Male, in-office
916,Effie Temlett,887866584,Account Manager,407300,37,1,64 Utah Pass,Female, in-office
918,Dulcinea Piccop,170962504,Outside Sales Representative,435589,46,7,52124 Bunker Hill Street,Female, in-office
920,Emmalynn Fenech,124751691,Account Executive,268307,43,8,92761 Kropf Drive,Female, in-office
922,Adey German,862065581,Inside Sales Representative,158560,52,9,942 Delaware Junction,Female, in-office
924,Merle Jenoure,846712954,Sales Consultant,352393,56,9,7604 Tennessee Pass,Male, in-office
926,Ardeen Flecknoe,170547951,Sales Manager,487219,52,9,185 Debra Hill,Female, in-office
928,Emelina Moff,871097399,Collection Agent,257330,38,0,46 Rockefeller Avenue,Female, in-office
930,Anastassia Wiltsher,344120014,Sales Representative,379526,59,9,05 Maryland Point,Female, in-office
932,Cristiano Naper,508138597,Account Manager,442458,36,8,79643 Caliangt Parkway,Male, in-office
934,Alon Livermore,152733073,Outside Sales Representative,197432,38,10,55 Lyons Hill,Male, in-office
936,Emelyne Swindon,304654234,Account Executive,312764,49,1,0 Heffernan Court,Female, in-office
938,Barthel Clissell,894397235,Inside Sales Representative,209224,39,5,22252 Leroy Terrace,Male, in-office
940,Urson Northway,768569475,Sales Consultant,352870,58,10,0522 Melrose Terrace,Male, in-office
942,Irina Allder,544492075,Sales Manager,314814,54,6,42033 Corry Crossing,Female, in-office
944,Livvy Ellams,554189422,Collection Agent,123578,57,5,7 Jana Place,Female, in-office
946,Deane MacDougal,140988152,Sales Representative,217707,47,2,6191 American Pass,Female, in-office
948,Catie Lantaff,242206540,Account Manager,311158,54,0,60 Crowley Lane,Female, in-office
950,Sapphire Shrubb,706613686,Outside Sales Representative,230606,39,1,84742 Brentwood Park,Female, in-office
952,Austen Ianitti,657730534,Account Executive,205707,56,3,44 Lerdahl Parkway,Male, in-office
954,Randy Jantet,712888578,Inside Sales Representative,389793,58,3,8441 Thierer Court,Female, in-office
956,Gwyneth Northfield,438402635,Sales Consultant,107207,44,2,1 Meadow Valley Alley,Female, in-office
958,Bride Olsson,557824954,Sales Manager,319077,49,7,3 Hoard Circle,Female, in-office
960,Otes OLeagham,576950505,Collection Agent,333663,37,2,3360 Independence Way,Male, in-office
962,Sabine Bartoszewicz,294546138,Sales Representative,414913,59,0,277 Hoepker Court,Female, in-office
964,Emmery Cadell,524125824,Account Manager,314571,35,0,8 Sutherland Plaza,Male, in-office
966,Noach Puckey,302248338,Outside Sales Representative,246012,35,3,517 Lunder Lane,Male, in-office
968,Nathanael Robel,378941506,Account Executive,356026,55,2,09 Ruskin Pass,Male, in-office
970,Marven Josham,468150660,Inside Sales Representative,234002,42,2,47107 Burning Wood Point,Male, in-office
972,Anthe Klimov,797840292,Sales Consultant,396385,51,8,84 Vidon Parkway,Female, in-office
974,Harmonie Ramel,653847467,Sales Manager,391143,51,10,55 Tony Alley,Female, in-office
976,Verney Bembridge,343872460,Collection Agent,271986,37,5,0866 Kensington Circle,Male, in-office
978,Clarance Sperwell,307214208,Sales Representative,405101,56,3,65 Graceland Terrace,Male, in-office
980,Tito Merrison,218100652,Account Manager,283175,51,1,06737 Logan Trail,Male, in-office
982,Bari McComiskie,477995797,Outside Sales Representative,103892,48,2,4 Dexter Terrace,Female, in-office
984,Edward Raffeorty,242663698,Account Executive,383016,54,1,17967 Portage Crossing,Male, in-office
986,Rubi Baynom,477903426,Inside Sales Representative,122138,37,7,39647 Westport Circle,Female, in-office
988,Lexi Tysall,472199447,Sales Consultant,482769,57,2,188 Maywood Point,Female, in-office
990,Tiler Elstone,714743230,Sales Manager,200183,52,4,617 East Drive,Male, in-office
992,Ron Caine,498749150,Collection Agent,147557,60,5,36693 Vidon Trail,Male, in-office
994,Orren Jore,488066045,Sales Representative,462840,54,5,67 Basil Hill,Male, in-office
996,Reagan Venard,756915379,Account Manager,461640,35,7,7 Sunfield Pass,Male, in-office
998,Hildagard Fever,528246508,Outside Sales Representative,340938,41,8,11 Manitowish Junction,Female, in-office
1000,Enriqueta Rawstorn,604352848,Account Executive,283432,35,4,050 Golf View Circle,Female, in-office