SWEID,Name,Ssn,Title,Salary,Age,YearsOfExperience,Address,Gender,State
1,Cinnamon Kinkaid,671931113,Junior Software Developer,323381,37,8,4207 Hooker Center,Female, in-office
3,Mayne Shingler,736400467,Web Developer,333815,48,6,7 Debs Center,Male, in-office
5,Nerti Esposi,342541231,Programmer,185583,59,3,1 Commercial Terrace,Female, in-office
7,Mira Vidyapin,426888886,Front End Developer,426593,53,2,95 Blaine Hill,Female, in-office
9,Alicea Conws,421514599,Developer,216343,57,7,1395 Gale Alley,Female, in-office
11,Corabel Witcomb,731362362,Software Developer,279488,42,0,14078 Hermina Plaza,Female, in-office
13,Karin Hobbing,853420050,Software Engineer,274990,36,0,3020 Brown Trail,Female, in-office
15,Darren Kemwall,790926508,Senior Software Developer,117063,36,3,6020 Troy Alley,Male, in-office
17,Jammie Rubes,176776064,Software Architect,325861,47,0,56527 Thompson Court,Female, in-office
19,Alta Radmer,746052877,QA Engineering Manager,287146,52,2,7 Golf Course Avenue,Female, in-office
21,Jerrold Dowdam,502817002,Junior Software Developer,165974,54,9,27714 Glacier Hill Plaza,Male, in-office
23,Ike Caulder,473400871,Web Developer,356316,56,5,12010 Vera Park,Male, in-office
25,Loralee Strauss,203493537,Programmer,233143,35,1,004 Northview Point,Female, in-office
27,Trudie Nightingale,508032682,Front End Developer,177746,53,7,554 Bluestem Avenue,Female, in-office
29,Jobey Lacroux,709273329,Developer,470350,58,4,8968 Mallory Junction,Female, in-office
31,Niven Kedwell,153777377,Software Developer,460436,47,3,290 Mitchell Way,Male, in-office
33,Amye Riatt,208859899,Software Engineer,257143,60,1,5491 Golf View Crossing,Female, in-office
35,Adaline Dubbin,386862722,Senior Software Developer,387507,59,4,83 Memorial Avenue,Female, in-office
37,Delphine Smerdon,422155356,Software Architect,363975,59,3,658 Hoard Center,Female, in-office
39,Powell Ballsdon,706983694,QA Engineering Manager,435633,48,10,272 Bartillon Drive,Male, in-office
41,Stacey Carnew,640551571,Junior Software Developer,429884,43,5,92 Pearson Place,Female, in-office
43,Darrelle Condict,423068258,Web Developer,258440,52,7,27791 Sage Road,Female, in-office
45,Buffy Luetkemeyer,539049046,Programmer,239997,36,4,670 Tomscot Drive,Female, in-office
47,Hodge Shakesby,729598588,Front End Developer,225830,59,3,188 Calypso Alley,Male, in-office
49,Miles Elverstone,792423238,Developer,479013,52,8,77 Montana Lane,Male, in-office
51,Torre Houlridge,427566955,Software Developer,211559,59,8,6 Monument Circle,Male, in-office
53,Darcee Clementi,414935153,Software Engineer,370284,38,3,677 Rusk Terrace,Female, in-office
55,Amy McCullouch,350037570,Senior Software Developer,167698,46,1,83426 Nancy Hill,Female, in-office
57,Jessica Perren,885107265,Software Architect,260103,42,1,1744 Forster Point,Female, in-office
59,Marylou Spurr,293509898,QA Engineering Manager,268180,53,3,2630 Annamark Point,Female, in-office
61,Kurt Murrell,380322502,Junior Software Developer,379844,42,7,5 Twin Pines Avenue,Male, in-office
63,Amandy Pachta,730475913,Web Developer,230511,53,1,6808 Rowland Avenue,Female, in-office
65,Franciska Baise,874650756,Programmer,164911,50,5,30468 Ludington Road,Female, in-office
67,Jillene Rossey,319539757,Front End Developer,420777,46,8,68664 David Trail,Female, in-office
69,Dennet Esposita,706151947,Developer,462590,59,1,2 Reinke Junction,Male, in-office
71,Karalynn Steward,381949278,Software Developer,488170,38,5,2254 Clove Junction,Female, in-office
73,Saloma Pawellek,212928518,Software Engineer,206610,52,7,21 Village Alley,Female, in-office
75,Roze Blakes,763847417,Senior Software Developer,272076,41,7,46345 Brentwood Court,Female, in-office
77,Wolf Langhor,624532971,Software Architect,283779,41,1,590 Scoville Pass,Male, in-office
79,Val Froom,281605769,QA Engineering Manager,192008,43,6,42896 Steensland Avenue,Female, in-office
81,Clemence Christol,413140150,Junior Software Developer,175722,36,10,6 Fairview Circle,Female, in-office
83,Christoper Wither,256108358,Web Developer,133388,42,3,3705 Vermont Avenue,Male, in-office
85,Bobbee Ribou,555619970,Programmer,467347,45,9,21081 Waxwing Circle,Female, in-office
87,Bernice Cowtherd,851534516,Front End Developer,363253,41,6,80099 Transport Circle,Female, in-office
89,Devin Stetson,386745798,Developer,349990,50,10,6496 Transport Trail,Male, in-office
91,Rutter Filby,619864192,Software Developer,449805,42,9,795 New Castle Junction,Male, in-office
93,Merrilee Fendlen,850482052,Software Engineer,424690,55,9,58 Judy Avenue,Female, in-office
95,Hobard Kobpac,759824274,Senior Software Developer,317731,44,9,54577 Towne Court,Male, in-office
97,Tessie Totterdill,266276048,Software Architect,480771,50,10,440 Graedel Hill,Female, in-office
99,Karoly McAw,199724224,QA Engineering Manager,426583,37,8,3754 Elgar Plaza,Male, in-office
101,Berri Papez,376492785,Junior Software Developer,138443,38,7,9155 Eastwood Pass,Female, in-office
103,Florella Riccio,393938413,Web Developer,202791,44,5,56 Erie Drive,Female, in-office
105,Frederico Cotmore,183393681,Programmer,189149,52,5,87954 Sachtjen Junction,Male, in-office
107,Lurette Jonk,875190214,Front End Developer,350074,36,10,95 Crescent Oaks Court,Female, in-office
109,Lanny Chalke,800723999,Developer,127338,54,7,4842 Redwing Circle,Male, in-office
111,Tabby Antonutti,282511469,Software Developer,412416,58,9,677 Rutledge Crossing,Female, in-office
113,Gillan Klasen,586186097,Software Engineer,387279,53,7,6 Fremont Alley,Female, in-office
115,Sharyl Nolleth,129363993,Senior Software Developer,471195,45,1,55828 Buell Court,Female, in-office
117,Con Salliere,842602228,Software Architect,389809,60,10,5 Shoshone Alley,Male, in-office
119,Hanna Congrave,150426813,QA Engineering Manager,132708,43,7,38 Carberry Hill,Female, in-office
121,Mikey Stretton,866493681,Junior Software Developer,199207,57,2,01 Calypso Avenue,Male, in-office
123,Pierrette Twomey,299775770,Web Developer,115197,36,1,74 Pond Drive,Female, in-office
125,Lindsey Mogenot,445877941,Programmer,495411,53,1,6 Lawn Lane,Female, in-office
127,Leroy Mahaffey,471836491,Front End Developer,115030,46,5,761 Granby Park,Male, in-office
129,Hortensia Holby,652236397,Developer,322816,55,2,2 Novick Trail,Female, in-office
131,Yoshiko Dani,738671731,Software Developer,176470,60,5,4649 Roth Hill,Female, in-office
133,Raphaela Piggot,379875002,Software Engineer,328409,48,3,8 Leroy Plaza,Female, in-office
135,Morganica Lamborn,577805123,Senior Software Developer,159292,35,1,51 Anderson Hill,Female, in-office
137,Buckie Rowatt,261410555,Software Architect,117207,52,0,7 Annamark Way,Male, in-office
139,Hermina Falls,115141956,QA Engineering Manager,323501,56,2,55847 Paget Crossing,Female, in-office
141,Corissa Abry,248529246,Junior Software Developer,221401,37,1,506 Meadow Ridge Hill,Female, in-office
143,Glyn Bensen,109899759,Web Developer,181153,50,6,826 Sutherland Terrace,Female, in-office
145,Bernardine Traice,538942601,Programmer,126895,38,2,707 Larry Park,Female, in-office
147,Andrea Watterson,623170077,Front End Developer,170120,53,1,9676 Porter Drive,Male, in-office
149,Cameron Piggin,683730973,Developer,203179,51,2,0017 Twin Pines Court,Male, in-office
151,Fraze Card,848278344,Software Developer,299998,45,0,0218 Havey Junction,Male, in-office
153,Mycah Danilewicz,895321709,Software Engineer,266301,55,5,25414 Briar Crest Park,Male, in-office
155,Janine Brewett,268860726,Senior Software Developer,163383,58,6,14 Jay Avenue,Female, in-office
157,Annabal Upfold,532369865,Software Architect,494669,41,0,6084 Huxley Pass,Female, in-office
159,Caz Luc,315820751,QA Engineering Manager,477049,38,10,751 Gina Road,Male, in-office
161,Fredek Slaymaker,731555530,Junior Software Developer,323546,37,10,67084 Hagan Court,Male, in-office
163,Prudence Budden,355802247,Web Developer,458735,53,0,4 Dexter Pass,Female, in-office
165,Veriee Shynn,208164592,Programmer,389635,51,0,236 Hudson Circle,Female, in-office
167,Towny D'Angeli,624304703,Front End Developer,456115,56,1,33770 Sachtjen Point,Male, in-office
169,Tome Lefridge,743741412,Developer,197322,56,5,15915 Golden Leaf Terrace,Male, in-office
171,Melita Mazillius,104046445,Software Developer,313304,58,2,5 Graceland Circle,Female, in-office
173,Abagael Casham,400560010,Software Engineer,432092,50,6,3731 Hudson Street,Female, in-office
175,Tyler Krzysztof,719373306,Senior Software Developer,113454,51,1,1 Scofield Drive,Male, in-office
177,Ethelyn Harrow,248605423,Software Architect,270434,45,9,8 Manitowish Way,Female, in-office
179,Liesa Jeffes,505914144,QA Engineering Manager,383028,54,1,40885 5th Crossing,Female, in-office
181,Humbert Tevlin,530532400,Junior Software Developer,472190,38,8,2 Golf Terrace,Male, in-office
183,Bealle Ingerfield,584888850,Web Developer,204788,40,8,8438 Sunfield Trail,Male, in-office
185,Joelie Nani,892758332,Programmer,487656,60,2,32040 Schiller Trail,Female, in-office
187,Mychal Bartusek,301422194,Front End Developer,190801,42,10,91 Caliangt Alley,Male, in-office
189,Wendall Ducket,409019553,Developer,116657,38,0,80410 Esch Center,Male, in-office
191,Corene Keson,338837771,Software Developer,259487,55,2,69 West Park,Female, in-office
193,Lorilyn Dunnaway,481731925,Software Engineer,335499,55,9,97812 Laurel Alley,Female, in-office
195,Belvia Caffin,453725966,Senior Software Developer,450377,44,0,89 Melody Circle,Female, in-office
197,Agace Purkins,612546374,Software Architect,422218,36,3,03 Sunnyside Way,Female, in-office
199,Jaymee Duprey,361913993,QA Engineering Manager,171138,56,8,5 Clyde Gallagher Park,Female, in-office
201,Guglielmo Koopman,171633532,Junior Software Developer,120873,48,9,6 Esker Lane,Male, in-office
203,Micki Pilpovic,385146803,Web Developer,324167,54,6,687 Butterfield Plaza,Female, in-office
205,Berk Riglesford,427311538,Programmer,382890,36,6,32068 Hintze Pass,Male, in-office
207,Rona Farrimond,664722918,Front End Developer,485073,57,3,2260 Eagan Junction,Female, in-office
209,Lethia Arnowicz,158365270,Developer,125700,54,5,8811 Summerview Way,Female, in-office
211,Freddie McGonagle,876461793,Software Developer,306498,39,1,2 Pankratz Terrace,Male, in-office
213,Field Dundon,834207652,Software Engineer,266606,37,7,7 Anderson Court,Male, in-office
215,Guthrie Peirson,318853275,Senior Software Developer,475124,50,2,4024 Redwing Plaza,Male, in-office
217,Addy Reddan,120016782,Software Architect,396563,50,10,60 Rigney Park,Male, in-office
219,Hillary Darlison,128169249,QA Engineering Manager,465350,42,1,94720 Lawn Street,Female, in-office
221,Ileane Challens,146987771,Junior Software Developer,311791,35,10,61734 Hagan Junction,Female, in-office
223,Samara Freestone,745095193,Web Developer,188964,53,5,71640 Nobel Street,Female, in-office
225,Ira Hagan,533204327,Programmer,322395,54,6,628 Messerschmidt Court,Female, in-office
227,Marje Pitt,810705213,Front End Developer,125262,57,0,46180 Lyons Drive,Female, in-office
229,Eolanda Davenall,247839528,Developer,392550,50,0,2005 Barby Plaza,Female, in-office
231,Avivah Drews,669630095,Software Developer,283628,57,1,7 Eagle Crest Park,Female, in-office
233,Harmon Folkard,620567857,Software Engineer,467952,35,4,51585 Tony Way,Male, in-office
235,Rufe Muzzi,683361750,Senior Software Developer,131041,60,7,4043 Transport Alley,Male, in-office
237,Ernestus Leese,575461459,Software Architect,287234,60,9,66 1st Drive,Male, in-office
239,Cesaro Linfoot,590738074,QA Engineering Manager,487446,60,10,5450 Erie Plaza,Male, in-office
241,Flin Heinicke,685165187,Junior Software Developer,107874,42,4,00263 Merrick Crossing,Male, in-office
243,Binky Drinkhall,724265790,Web Developer,379211,54,1,404 Loomis Way,Male, in-office
245,Aylmar Keemer,494328843,Programmer,170223,51,9,2 Blackbird Junction,Male, in-office
247,Margette Bulward,669941008,Front End Developer,456486,44,6,260 Village Way,Female, in-office
249,Fred Sired,810569893,Developer,408894,37,7,30 Mitchell Alley,Male, in-office
251,Vittorio Moriarty,657447736,Software Developer,236196,45,5,294 Mitchell Plaza,Male, in-office
253,Rosemarie Kendell,450251710,Software Engineer,189389,50,8,125 Badeau Lane,Female, in-office
255,Desirae Gritton,590754477,Senior Software Developer,119542,47,3,98894 Havey Park,Female, in-office
257,Willis Stobart,150488395,Software Architect,499747,39,5,72 Harbort Pass,Male, in-office
259,Eddie Bennis,791464986,QA Engineering Manager,276934,42,10,99045 Homewood Alley,Male, in-office
261,Fabio Quelch,534991605,Junior Software Developer,146666,44,10,28 Scott Crossing,Male, in-office
263,Graham Boecke,777908261,Web Developer,185972,56,1,31 Clemons Point,Male, in-office
265,Karlik Jachimczak,891518125,Programmer,427710,52,3,09336 Maple Wood Plaza,Male, in-office
267,Ringo PhipardShears,310073982,Front End Developer,423089,60,2,8501 Moulton Avenue,Male, in-office
269,Vicky Guy,241561113,Developer,408048,56,5,2090 Thackeray Avenue,Female, in-office
271,Doralyn Killough,642834573,Software Developer,258154,56,6,19 Meadow Valley Alley,Female, in-office
273,El Laidlaw,820502691,Software Engineer,460277,35,2,31177 Lillian Pass,Male, in-office
275,William Rowney,735444230,Senior Software Developer,437249,36,8,81 Melby Plaza,Male, in-office
277,Benoit Castane,598464618,Software Architect,225802,43,2,87162 Green Ridge Park,Male, in-office
279,Emili Gueste,542665908,QA Engineering Manager,266992,45,8,3223 Maryland Way,Female, in-office
281,Emiline MacRitchie,551221456,Junior Software Developer,326235,42,8,9196 Dunning Crossing,Female, in-office
283,Abel Penton,514183600,Web Developer,279209,47,8,6 Morning Way,Male, in-office
285,Ruby Sherwin,766690343,Programmer,162368,47,8,61845 Warner Junction,Male, in-office
287,Cynthy Ewart,269977171,Front End Developer,368117,49,10,3 Memorial Road,Female, in-office
289,Vanya Moulin,181526422,Developer,326154,41,0,8 Fallview Alley,Male, in-office
291,Alwyn Attenbarrow,271272266,Software Developer,143250,49,4,3 Lillian Center,Male, in-office
293,Grazia Rickaert,742471753,Software Engineer,120948,54,4,8 Corben Road,Female, in-office
295,Monique Millward,355830644,Senior Software Developer,137081,60,9,68 Twin Pines Hill,Female, in-office
297,Griz Birtwhistle,778842530,Software Architect,400585,42,5,00927 Montana Crossing,Male, in-office
299,Brendon Slatten,415184939,QA Engineering Manager,320389,48,0,026 Ryan Circle,Male, in-office
301,Marlon Warwicker,629766169,Junior Software Developer,254228,48,9,4773 Huxley Alley,Male, in-office
303,Konstantine Skillen,492753878,Web Developer,115873,53,9,79074 4th Trail,Male, in-office
305,Winthrop Haquin,373272310,Programmer,201240,39,5,57 Becker Park,Male, in-office
307,Crosby Goodfellowe,720063025,Front End Developer,435077,36,8,6 Springs Hill,Male, in-office
309,Joann Bolan,573645557,Developer,139097,38,1,9373 Meadow Valley Way,Female, in-office
311,Debby Wrightem,523878231,Software Developer,197781,41,0,499 Laurel Alley,Female, in-office
313,Suki Vurley,457531792,Software Engineer,198681,56,3,6106 Novick Drive,Female, in-office
315,Cristin Weekley,358685652,Senior Software Developer,128960,52,4,94057 Leroy Circle,Female, in-office
317,Dewie Spittall,446401788,Software Architect,274431,51,8,2708 Moose Way,Male, in-office
319,Hayden Cutill,809109419,QA Engineering Manager,100600,57,3,7737 South Junction,Male, in-office
321,Meg Mangeot,578177844,Junior Software Developer,156914,52,4,545 Vidon Point,Female, in-office
323,Fabien Muckley,562670751,Web Developer,252097,53,7,41 Brown Place,Male, in-office
325,Karissa Ivatts,453660210,Programmer,189751,58,10,66 Warrior Drive,Female, in-office
327,Ernest Schuck,569291599,Front End Developer,417871,50,5,7606 Golf View Street,Male, in-office
329,Harwilll Wichard,776256479,Developer,130463,51,6,8 Stone Corner Center,Male, in-office
331,Isaiah Shrigley,458689219,Software Developer,127081,41,1,67 Fairfield Plaza,Male, in-office
333,Tomlin O'Currigan,894543493,Software Engineer,409070,52,4,2 Scoville Circle,Male, in-office
335,Tammie Giacobo,631850359,Senior Software Developer,366027,48,8,2 Banding Place,Female, in-office
337,Zoe Danilishin,379319971,Software Architect,353228,45,8,53 David Center,Female, in-office
339,Sam McKeowon,103869667,QA Engineering Manager,444133,43,5,3647 Ridgeview Terrace,Female, in-office
341,Keelia Densell,593454607,Junior Software Developer,102730,59,0,3 Fairfield Junction,Female, in-office
343,Bay Kintzel,743755581,Web Developer,137165,59,8,0 Russell Street,Male, in-office
345,Scarface Zanuciolii,518349068,Programmer,225569,38,7,004 Eagan Parkway,Male, in-office
347,Devi Bugg,283557443,Front End Developer,119454,58,3,245 Hayes Hill,Female, in-office
349,Yolanthe Waight,151026661,Developer,362627,38,8,8304 Park Meadow Lane,Female, in-office
351,Roxanna Najara,145308426,Software Developer,459432,36,0,5688 Macpherson Place,Female, in-office
353,Bradford Milstead,597761799,Software Engineer,306129,51,7,6 Kingsford Trail,Male, in-office
355,Hatty Chamberlin,134799494,Senior Software Developer,172164,53,5,54677 Del Sol Plaza,Female, in-office
357,Lory Coddrington,428537788,Software Architect,261775,56,8,32 Golden Leaf Avenue,Female, in-office
359,Lenora Scapens,716351145,QA Engineering Manager,283535,37,9,5111 Tennyson Place,Female, in-office
361,Rafaellle D'Emanuele,586802709,Junior Software Developer,265750,47,6,24 Raven Junction,Male, in-office
363,Madonna Pfeffel,347494739,Web Developer,166574,60,9,89712 Susan Street,Female, in-office
365,Ethelbert Caverhill,403048287,Programmer,410666,43,0,797 Coolidge Court,Male, in-office
367,Kylie Bernardelli,392384342,Front End Developer,408128,39,8,8 Hanson Drive,Female, in-office
369,Martelle Midghall,241958158,Developer,278394,50,10,0 Stone Corner Pass,Female, in-office
371,Ursulina Greeno,539590238,Software Developer,237229,45,6,69 Barnett Circle,Female, in-office
373,Karina Moncrieffe,395623588,Software Engineer,135994,42,10,1067 Fairfield Avenue,Female, in-office
375,Arin Godsil,443424137,Senior Software Developer,112144,55,0,3038 Beilfuss Point,Male, in-office
377,Domenic Gierardi,390419893,Software Architect,234811,43,7,818 Colorado Parkway,Male, in-office
379,Griswold Edmondson,206022821,QA Engineering Manager,189752,52,7,76 Leroy Drive,Male, in-office
381,Reinhard Grahame,151904849,Junior Software Developer,179516,38,6,033 Luster Plaza,Male, in-office
383,Libby Bratten,747848613,Web Developer,202748,50,10,04078 Monterey Court,Female, in-office
385,Joya Snodden,359987874,Programmer,315626,36,2,211 Redwing Point,Female, in-office
387,Siana Leyrroyd,407102360,Front End Developer,417699,36,6,56559 Claremont Lane,Female, in-office
389,Jonas Lacy,739603732,Developer,251093,48,0,097 Pennsylvania Plaza,Male, in-office
391,Marwin Boyles,621624141,Software Developer,324363,42,6,0773 Stang Junction,Male, in-office
393,Tiffanie McTaggart,391460844,Software Engineer,209412,40,10,6661 Nevada Court,Female, in-office
395,Drona Ockenden,458314152,Senior Software Developer,397652,53,10,5754 Michigan Point,Female, in-office
397,Randolf Witton,333532167,Software Architect,107328,57,5,234 Dwight Park,Male, in-office
399,Delora Teasdale,446488533,QA Engineering Manager,162652,42,7,74542 Linden Terrace,Female, in-office
401,Elizabeth Haslehurst,236915212,Junior Software Developer,413703,37,1,0085 Bluejay Lane,Female, in-office
403,Kirbee Saltwell,428187942,Web Developer,218637,52,4,0 Roth Road,Female, in-office
405,Flynn Blessed,169152306,Programmer,104091,45,1,2 Weeping Birch Street,Male, in-office
407,Tansy Kausche,264999969,Front End Developer,289014,46,1,89349 Surrey Lane,Female, in-office
409,Claudius Davidi,428626005,Developer,367292,47,4,0 Sloan Trail,Male, in-office
411,Alexandra Luttgert,147965401,Software Developer,253623,53,2,90 Dottie Circle,Female, in-office
413,Nataline Cheson,588694800,Software Engineer,368196,56,5,0 Laurel Place,Female, in-office
415,Gail Pilipyak,433385730,Senior Software Developer,347305,36,8,84 Spaight Junction,Female, in-office
417,Alyce Breagan,190791633,Software Architect,342644,35,6,3467 Prentice Alley,Female, in-office
419,Jud McGunley,795986273,QA Engineering Manager,345658,49,10,11 Killdeer Plaza,Male, in-office
421,Sioux Spitell,409855354,Junior Software Developer,464502,37,8,39712 Shasta Street,Female, in-office
423,Garret Matignon,798399782,Web Developer,132933,50,4,04006 Golf Plaza,Male, in-office
425,Roberto Shambrooke,337136577,Programmer,492148,57,3,0 Kedzie Circle,Male, in-office
427,Pietro Cleland,486833541,Front End Developer,391201,58,4,9 Mallard Way,Male, in-office
429,Ronald Sexstone,627933662,Developer,151804,59,9,3339 Hanover Lane,Male, in-office
431,Nonna Augur,394737546,Software Developer,486742,60,6,4303 Meadow Ridge Way,Female, in-office
433,Atlante Djorevic,347253022,Software Engineer,452029,47,10,6685 Nelson Alley,Female, in-office
435,Evangelin Mawford,633991648,Senior Software Developer,158089,47,2,3 Maple Wood Place,Female, in-office
437,Lindy Marcussen,847700442,Software Architect,449665,53,6,29 Holy Cross Alley,Male, in-office
439,Brose Elan,746365347,QA Engineering Manager,420446,51,2,81 Evergreen Terrace,Male, in-office
441,Hartley Bailey,361285795,Junior Software Developer,112978,47,3,40 Independence Junction,Male, in-office
443,Yehudit De Morena,313284740,Web Developer,401573,36,10,0 Shopko Circle,Male, in-office
445,Tommy Keri,451900703,Programmer,188004,35,0,1 Thompson Drive,Female, in-office
447,Amandie Fontaine,492679768,Front End Developer,491713,46,3,5721 Holmberg Junction,Female, in-office
449,Jed Guerry,315054935,Developer,211242,50,1,2 Crowley Parkway,Male, in-office
451,Grange Vivien,115184990,Software Developer,376372,36,4,46 Burning Wood Alley,Male, in-office
453,Fredelia Detoc,708954944,Software Engineer,150536,39,6,438 Waubesa Road,Female, in-office
455,Bartholemy Sweetenham,705250605,Senior Software Developer,362240,39,9,659 Dakota Lane,Male, in-office
457,Martita Tithacott,456164817,Software Architect,274471,54,10,122 Eggendart Road,Female, in-office
459,Abbey Deere,754548985,QA Engineering Manager,214449,54,5,63971 Schiller Hill,Male, in-office
461,Zora Terrett,889666284,Junior Software Developer,280356,36,9,64 Donald Lane,Female, in-office
463,Colet Andrzejewski,377207984,Web Developer,347951,39,3,09347 Clarendon Place,Male, in-office
465,Stacy Janowski,459669614,Programmer,205512,47,2,16839 Lindbergh Court,Male, in-office
467,Bald Cowdry,589321068,Front End Developer,374648,42,0,21588 Wayridge Circle,Male, in-office
469,Skelly Scoggan,686081737,Developer,268108,45,8,164 Riverside Parkway,Male, in-office
471,Susi Vasilkov,829861324,Software Developer,174821,57,4,95764 Karstens Point,Female, in-office
473,Rodrick Filip,587716849,Software Engineer,174230,51,9,66351 Orin Road,Male, in-office
475,Michael Hallaways,254490127,Senior Software Developer,345428,52,0,55 Beilfuss Place,Male, in-office
477,Shannen Standley,305888445,Software Architect,494901,37,1,84 Tomscot Crossing,Female, in-office
479,Rosco Jonsson,575130683,QA Engineering Manager,225595,35,4,4 Eastlawn Circle,Male, in-office
481,Kylen Fost,848520250,Junior Software Developer,394750,44,6,01484 Marcy Parkway,Female, in-office
483,Wendi Crofthwaite,446098631,Web Developer,153208,39,0,45061 Northport Terrace,Female, in-office
485,Devon Reolfi,892347943,Programmer,177658,37,4,12922 Cottonwood Road,Female, in-office
487,Marcelline Rounce,874540983,Front End Developer,146421,40,4,8 Colorado Drive,Female, in-office
489,Deonne Van den Velden,494830748,Developer,206634,37,0,6 Eagan Center,Female, in-office
491,Ches Lenahan,873258358,Software Developer,204485,50,0,7 Grasskamp Drive,Male, in-office
493,Kenon Trematick,298926940,Software Engineer,300372,57,8,06 Barby Road,Male, in-office
495,Darsie Otton,117129341,Senior Software Developer,164676,38,0,95 Arapahoe Center,Female, in-office
497,Gale Scarsbrick,413185186,Software Architect,153456,37,2,2 Vidon Avenue,Female, in-office
499,Pammy Merit,556367098,QA Engineering Manager,167738,43,0,67 Cherokee Avenue,Female, in-office
501,Gaultiero Bann,180115813,Junior Software Developer,462671,51,5,2 Upham Avenue,Male, in-office
503,Ingram Jaskowicz,596458866,Web Developer,154751,40,3,7 Prentice Terrace,Male, in-office
505,Sharleen Piser,858374221,Programmer,118013,55,8,3 Farmco Trail,Female, in-office
507,Babette Sapsford,452332742,Front End Developer,266293,55,6,4 Evergreen Circle,Female, in-office
509,Umberto Stede,144210384,Developer,245925,51,1,80 Claremont Park,Male, in-office
511,Ophelia Yarham,104846320,Software Developer,273691,50,5,238 Pierstorff Terrace,Female, in-office
513,Chiquia Couper,521558124,Software Engineer,172925,39,6,09 Forest Run Parkway,Female, in-office
515,Yettie Jopling,573057328,Senior Software Developer,404127,50,5,400 Talisman Junction,Female, in-office
517,Mariann Prine,530583485,Software Architect,128882,55,2,7 Graceland Trail,Female, in-office
519,Ogdon Quenby,359203767,QA Engineering Manager,260786,55,3,1934 Nobel Point,Male, in-office
521,Susan Van Schafflaer,555169874,Junior Software Developer,237187,40,6,4984 Oak Alley,Female, in-office
523,Lib Proud,625614170,Web Developer,374526,43,4,5050 Erie Court,Female, in-office
525,Lem Huddy,327082310,Programmer,121706,39,1,555 Prairie Rose Court,Male, in-office
527,Agnella Crosier,158728446,Front End Developer,401326,38,10,6 Prairieview Pass,Female, in-office
529,Ardelle Badby,847130586,Developer,125199,46,9,67206 Hoepker Trail,Female, in-office
531,Rafa Edes,315072164,Software Developer,204127,40,3,971 Miller Avenue,Female, in-office
533,Siana Methven,263184204,Software Engineer,360115,35,1,38 Troy Alley,Female, in-office
535,Ninnetta Blew,255161487,Senior Software Developer,444278,51,1,887 David Terrace,Female, in-office
537,Frazier Cheyenne,314812583,Software Architect,491559,60,4,20404 Barby Road,Male, in-office
539,Arch Stubbes,743424715,QA Engineering Manager,193345,43,4,6 Arapahoe Crossing,Male, in-office
541,Paula Ribey,580472567,Junior Software Developer,202396,40,8,6725 Dunning Plaza,Female, in-office
543,Lindi Cockland,811959395,Web Developer,206466,59,4,48 Rowland Lane,Female, in-office
545,Andie Templeton,725175811,Programmer,204400,53,5,7713 Sauthoff Alley,Female, in-office
547,Evangelia Costen,404547418,Front End Developer,405862,44,7,32 Hauk Point,Female, in-office
549,Kincaid Shyres,738782084,Developer,337904,50,9,54 Tennyson Parkway,Male, in-office
551,Etienne Abrahm,161541221,Software Developer,290056,58,3,29026 Heffernan Center,Male, in-office
553,Alyda Ivamy,859388989,Software Engineer,484426,40,2,365 Riverside Drive,Female, in-office
555,Emilie SpainGower,261875767,Senior Software Developer,233001,40,1,1 Stoughton Plaza,Female, in-office
557,Foss Dominick,705075991,Software Architect,449108,40,4,17418 Farwell Crossing,Male, in-office
559,Elnore Cluely,349418200,QA Engineering Manager,171386,60,9,3128 Mariners Cove Alley,Female, in-office
561,Mordy Hissett,766968845,Junior Software Developer,440449,37,8,21266 Donald Center,Male, in-office
563,Sadie Bridal,631893629,Web Developer,352841,54,2,7 Portage Trail,Female, in-office
565,Valaria McKerley,763793454,Programmer,466693,57,1,85303 Grim Pass,Female, in-office
567,Rainer Ralton,447921691,Front End Developer,343210,41,4,125 Forest Dale Parkway,Male, in-office
569,Inessa Eisenberg,542753069,Developer,222885,58,5,634 Bowman Hill,Female, in-office
571,Lorne Lawless,356846451,Software Developer,373826,49,2,877 Fremont Street,Male, in-office
573,Clarance Chrestien,420041571,Software Engineer,195587,55,3,42208 Northport Circle,Male, in-office
575,Livvyy Biss,834844621,Senior Software Developer,241687,45,5,9 Pierstorff Terrace,Female, in-office
577,Halimeda Richens,124743549,Software Architect,115821,35,6,229 Onsgard Trail,Female, in-office
579,Lucky Le Jean,241428128,QA Engineering Manager,136000,37,1,428 Hoffman Way,Female, in-office
581,Jeddy Pickwell,568528748,Junior Software Developer,245791,54,9,54841 Columbus Circle,Male, in-office
583,Robert Crockford,297192946,Web Developer,386428,42,3,983 Meadow Valley Road,Male, in-office
585,Eunice Padell,339938788,Programmer,492240,39,7,4 Hansons Avenue,Female, in-office
587,Bathsheba Gyse,177434388,Front End Developer,496182,59,9,9 Sullivan Alley,Female, in-office
589,Flint Fawley,372697412,Developer,212193,55,10,32793 Park Meadow Court,Male, in-office
591,Missie Dionsetti,151769316,Software Developer,284793,60,6,401 Westport Terrace,Female, in-office
593,Curry Abbets,206130504,Software Engineer,312546,41,0,7852 Grim Junction,Male, in-office
595,Minne Gocke,761228341,Senior Software Developer,385339,37,6,194 Arapahoe Alley,Female, in-office
597,Kirsti Carabine,358538097,Software Architect,427839,45,7,49726 Montana Pass,Female, in-office
599,Brooke Corner,145929114,QA Engineering Manager,381969,38,6,7183 Northland Center,Female, in-office
601,Leann Abarough,707794750,Junior Software Developer,147960,55,7,96 New Castle Center,Female, in-office
603,Hedvige Reide,676161911,Web Developer,126157,47,5,5 Dovetail Plaza,Female, in-office
605,Ermina Woodcroft,567484738,Programmer,418272,59,10,61106 Monterey Street,Female, in-office
607,Correy Jeffery,101626061,Front End Developer,274111,35,10,2 Cherokee Point,Female, in-office
609,Randolph Heinschke,369742489,Developer,144068,42,8,56 Paget Crossing,Male, in-office
611,Blinny O'Dowling,623420267,Software Developer,173778,38,10,10 Haas Road,Female, in-office
613,Winni Howland,401312988,Software Engineer,157439,43,9,8 Crowley Pass,Female, in-office
615,Borden Lant,680236568,Senior Software Developer,232646,50,3,95052 Dorton Crossing,Male, in-office
617,Garret Ruggier,682714379,Software Architect,486727,45,0,24415 Goodland Street,Male, in-office
619,Ode Torbeck,608741953,QA Engineering Manager,171737,52,4,22002 Doe Crossing Park,Male, in-office
621,Cassey Drakes,547682965,Junior Software Developer,448305,50,5,2 Briar Crest Junction,Female, in-office
623,Olga Cockman,554827056,Web Developer,467580,42,5,73 Ridgeway Center,Female, in-office
625,Kristoffer Crummy,728402448,Programmer,226400,58,8,8 Almo Hill,Male, in-office
627,Kristina Danielsohn,376823687,Front End Developer,411484,38,8,22236 Talisman Road,Female, in-office
629,Carolan Larver,621563027,Developer,123030,55,7,25 Melrose Pass,Female, in-office
631,Inger Taplow,140545242,Software Developer,487126,38,4,76 Milwaukee Point,Male, in-office
633,Bobina Vowell,189922375,Software Engineer,111348,53,8,407 Porter Parkway,Female, in-office
635,Daveta Toppas,370819069,Senior Software Developer,409111,47,1,64 Crescent Oaks Trail,Female, in-office
637,Eliza Sturrock,881228177,Software Architect,385630,50,10,3 Brown Avenue,Female, in-office
639,Sax MacAughtrie,299899095,QA Engineering Manager,124774,38,5,7 Gulseth Point,Male, in-office
641,Etta Ruselin,624729656,Junior Software Developer,205455,35,7,61 Goodland Court,Female, in-office
643,Corrie Corteis,582079211,Web Developer,235472,59,0,82 Delladonna Court,Female, in-office
645,Travus Borres,298186340,Programmer,298370,45,9,89412 Continental Court,Male, in-office
647,Ashbey Blazeby,795072467,Front End Developer,297152,48,5,153 Magdeline Circle,Male, in-office
649,Mirelle Gowanson,715223342,Developer,409530,47,9,015 Blue Bill Park Center,Female, in-office
651,Margarita Middleweek,232558907,Software Developer,369808,45,5,4316 Talisman Center,Female, in-office
653,Frayda Bellin,498222819,Software Engineer,347989,39,10,7 Esch Plaza,Female, in-office
655,Krista Biesterfeld,197980217,Senior Software Developer,310064,55,7,98 Warbler Place,Female, in-office
657,Corty Branca,856462422,Software Architect,451243,47,4,69895 Ryan Street,Male, in-office
659,Leonora Vyel,170353183,QA Engineering Manager,353143,54,10,5 Surrey Terrace,Female, in-office
661,Vinita Beatson,751936743,Junior Software Developer,485727,43,0,5770 Artisan Center,Female, in-office
663,Dame Hildrew,239184179,Web Developer,486868,52,10,76 Loftsgordon Avenue,Male, in-office
665,Aloysius Mecco,869116100,Programmer,278327,39,0,48596 Golden Leaf Court,Male, in-office
667,Nealson Brugsma,616891494,Front End Developer,465863,44,4,43256 Porter Point,Male, in-office
669,Cassandry Trunkfield,395699043,Developer,212428,35,7,332 Merry Street,Female, in-office
671,Cyrus Bradburn,148976421,Software Developer,327249,42,2,86 Monterey Point,Male, in-office
673,Ema Nani,210862068,Software Engineer,103680,42,8,070 Shoshone Pass,Female, in-office
675,David Naulty,743327852,Senior Software Developer,133708,54,9,93 Anniversary Parkway,Male, in-office
677,Donica Origin,596233571,Software Architect,285900,48,8,3157 Welch Center,Female, in-office
679,Christophe Barkly,694692776,QA Engineering Manager,224641,38,3,0277 Milwaukee Plaza,Male, in-office
681,Suki Daine,777462351,Junior Software Developer,342696,36,4,68 Melvin Parkway,Female, in-office
683,Nolana Hovell,234313627,Web Developer,392652,50,0,5 Monterey Point,Female, in-office
685,Gabriello Vannuchi,451196671,Programmer,428308,51,7,4 Esch Court,Male, in-office
687,Greggory Sushams,722993535,Front End Developer,355098,47,10,882 Arapahoe Crossing,Male, in-office
689,Heidi Zeal,279995684,Developer,249607,50,8,73 Hoffman Place,Female, in-office
691,Agace Graham,893125171,Software Developer,401164,47,3,95 Butterfield Avenue,Female, in-office
693,Orion Tillerton,577729540,Software Engineer,384722,44,8,5 Meadow Ridge Crossing,Male, in-office
695,Adan Marke,133346427,Senior Software Developer,492550,39,6,4833 Montana Street,Male, in-office
697,Zachery Jollands,725249210,Software Architect,308057,39,7,48857 Oneill Trail,Male, in-office
699,Price Joddens,276464539,QA Engineering Manager,250586,39,10,15846 Scott Court,Male, in-office
701,Lorettalorna Vaneev,425947698,Junior Software Developer,116816,53,8,6 Becker Plaza,Female, in-office
703,Basilio Mosey,409349452,Web Developer,137811,56,7,8426 Cambridge Crossing,Male, in-office
705,Dorothee Eddow,414427866,Programmer,468396,36,8,63 Jana Parkway,Female, in-office
707,Kristi Vallerine,876192611,Front End Developer,206369,56,9,324 Mcbride Alley,Female, in-office
709,Wally Gerrish,161559052,Developer,238338,56,1,8109 Basil Hill,Female, in-office
711,Bonnee Rattenberie,874149013,Software Developer,362017,36,10,0 Commercial Circle,Female, in-office
713,Mackenzie Whiskin,305763970,Software Engineer,227496,49,5,07391 Birchwood Circle,Male, in-office
715,Claudia Frissell,832407420,Senior Software Developer,489255,52,10,25565 Manley Lane,Female, in-office
717,Garold Semered,633762160,Software Architect,290982,58,1,42 Springview Center,Male, in-office
719,Fernandina Pett,699255152,QA Engineering Manager,164313,59,2,37 Melrose Crossing,Female, in-office
721,Adrianne Stracey,435281002,Junior Software Developer,175114,52,7,12296 Morning Way,Female, in-office
723,Tammie Phelip,568360594,Web Developer,330892,46,6,0 Farragut Trail,Male, in-office
725,Emylee Grimshaw,672308644,Programmer,469901,38,8,1 Hoard Pass,Female, in-office
727,Dante Hendron,662674743,Front End Developer,472846,42,5,229 Morningstar Pass,Male, in-office
729,Jermaine Gervaise,465927560,Developer,339593,53,6,9 Green Parkway,Male, in-office
731,Karlyn Vittel,191924323,Software Developer,162844,49,4,826 Sullivan Park,Female, in-office
733,Tonye Reeson,285959260,Software Engineer,210971,49,1,173 Jay Way,Female, in-office
735,Minna Groundwater,832464064,Senior Software Developer,246592,37,0,29876 Elgar Place,Female, in-office
737,Mersey O'Howbane,371587758,Software Architect,116182,58,2,1605 Alpine Drive,Female, in-office
739,Lissa Murrell,873168542,QA Engineering Manager,346547,41,2,63595 Canary Drive,Female, in-office
741,Winnie Andres,343670791,Junior Software Developer,400043,54,1,2059 Maple Parkway,Male, in-office
743,Dulsea Mularkey,899148051,Web Developer,364272,49,8,8551 Hallows Terrace,Female, in-office
745,Lucio Ropking,419096853,Programmer,210558,59,0,50 Gerald Lane,Male, in-office
747,Jeralee Schall,832031935,Front End Developer,284863,40,3,9563 Spaight Center,Female, in-office
749,Llywellyn Cabble,809144925,Developer,232574,37,0,29 Tony Crossing,Male, in-office
751,Odetta MacConnechie,683656474,Software Developer,294432,38,8,14 Comanche Crossing,Female, in-office
753,Ezri Cammacke,584529238,Software Engineer,429955,41,6,49415 Rigney Way,Male, in-office
755,Alisha Cicchitello,697531371,Senior Software Developer,143014,47,9,0654 Sloan Street,Female, in-office
757,Niki Schultes,520262480,Software Architect,414641,43,4,51 Becker Plaza,Male, in-office
759,Hillyer Snarie,447418253,QA Engineering Manager,162700,35,7,840 Upham Place,Male, in-office
761,Bink Carnall,781121556,Junior Software Developer,267665,59,6,73 Jenifer Center,Male, in-office
763,Cece Mattussevich,534368176,Web Developer,472074,58,3,69 1st Center,Male, in-office
765,Peri McKean,809276013,Programmer,339845,47,9,2723 Lerdahl Road,Female, in-office
767,Leela Fold,403288516,Front End Developer,231984,60,10,4480 Fuller Crossing,Female, in-office
769,Karylin Janicijevic,755362598,Developer,236887,52,9,89 Rieder Plaza,Female, in-office
771,Stace Treversh,795204624,Software Developer,459814,41,9,1693 Everett Avenue,Female, in-office
773,Aretha Hardbattle,894203039,Software Engineer,306044,55,7,232 Morning Circle,Female, in-office
775,Kiel Adolphine,602819979,Senior Software Developer,382156,39,5,2211 Holy Cross Road,Male, in-office
777,Miranda Blemen,158922232,Software Architect,118389,39,7,5561 Carioca Pass,Female, in-office
779,Eldin Lycett,338889734,QA Engineering Manager,446503,47,0,6284 Basil Road,Male, in-office
781,Vonnie Sibbons,257416627,Junior Software Developer,308445,53,9,21 Lakeland Point,Female, in-office
783,Eustace Johantges,236542057,Web Developer,372295,43,1,6190 Bobwhite Court,Male, in-office
785,Rina McMenamin,142568536,Programmer,425303,47,4,84 Goodland Place,Female, in-office
787,Selle Burnel,894075619,Front End Developer,333205,39,0,6 Judy Place,Female, in-office
789,Randell Ayliff,384276025,Developer,449824,49,6,43999 Warner Hill,Male, in-office
791,Marnia Lawry,225683818,Software Developer,241313,36,10,4 Delladonna Center,Female, in-office
793,Purcell Dobrovsky,720999447,Software Engineer,457479,60,2,5385 Merrick Place,Male, in-office
795,Farris Petric,125304107,Senior Software Developer,276139,45,8,8 Elgar Street,Male, in-office
797,Michaela Pesik,413726236,Software Architect,144007,54,4,6932 Melvin Alley,Female, in-office
799,Jarid Cund,585621295,QA Engineering Manager,270740,47,0,7608 Knutson Junction,Male, in-office
801,Dory Georgot,382364444,Junior Software Developer,144456,38,0,779 Killdeer Plaza,Male, in-office
803,Tod Shimoni,221512755,Web Developer,410839,47,5,51 Logan Hill,Male, in-office
805,Gaye Drage,742398107,Programmer,336607,59,3,8 Longview Circle,Female, in-office
807,Avrit Bambrick,501627448,Front End Developer,217052,39,3,874 Rusk Drive,Female, in-office
809,Nicolea Hayley,671821918,Developer,287185,49,10,0135 Division Center,Female, in-office
811,Nani Burfitt,558431361,Software Developer,196254,40,8,9 Kropf Pass,Female, in-office
813,Meggie Richfield,557857195,Software Engineer,372178,56,5,4 Sullivan Park,Female, in-office
815,Guthry D'Enrico,295419126,Senior Software Developer,115556,48,5,270 Moulton Trail,Male, in-office
817,Ted Christophle,703974013,Software Architect,152424,52,10,9886 Badeau Avenue,Female, in-office
819,Carr Foxcroft,538878167,QA Engineering Manager,321135,58,4,552 Acker Junction,Male, in-office
821,Carissa Beacom,851701690,Junior Software Developer,491534,45,3,5 6th Road,Female, in-office
823,Roanna Powrie,819606224,Web Developer,433633,58,0,9332 Mcguire Plaza,Female, in-office
825,Elayne Loveridge,644021365,Programmer,415458,50,9,0 Sundown Junction,Female, in-office
827,Averell Kennion,259178324,Front End Developer,177498,57,4,08399 Mcguire Point,Male, in-office
829,Donny Hamal,277734602,Developer,492211,39,8,7 Anhalt Park,Male, in-office
831,Angie Gligori,181247410,Software Developer,380537,42,10,8172 Vidon Street,Male, in-office
833,Harman Overnell,647751596,Software Engineer,309476,48,1,5 Village Green Crossing,Male, in-office
835,Lynda Aronovich,602831551,Senior Software Developer,106757,54,5,39725 Cardinal Junction,Female, in-office
837,My Speedy,776774640,Software Architect,221676,49,10,0926 Arrowood Circle,Male, in-office
839,Janene Navan,283790863,QA Engineering Manager,379636,50,9,51617 Morrow Junction,Female, in-office
841,Willamina Del Monte,176430025,Junior Software Developer,325771,56,3,318 Pawling Crossing,Female, in-office
843,Marilin Stock,426407183,Web Developer,160052,58,4,827 Clemons Avenue,Female, in-office
845,Garvey Zambonini,162817600,Programmer,278420,35,3,55072 Oakridge Plaza,Male, in-office
847,Constantine Bidgod,388489162,Front End Developer,460197,42,5,3 Artisan Lane,Female, in-office
849,Gardener Yoodall,586610562,Developer,351725,46,5,63887 Texas Parkway,Male, in-office
851,Akim Coleman,138248584,Software Developer,491311,56,0,9107 Scofield Place,Male, in-office
853,Madge Cattlemull,368876630,Software Engineer,150398,49,3,546 Troy Circle,Female, in-office
855,Omar Grassick,212112016,Senior Software Developer,123365,39,1,486 Saint Paul Way,Male, in-office
857,Jerald Wallwork,322148945,Software Architect,129323,50,7,27 Merrick Park,Male, in-office
859,Ashlin Dorsett,239646097,QA Engineering Manager,258357,40,3,36246 Eastwood Street,Male, in-office
861,Dara Dugald,771641560,Junior Software Developer,249462,52,2,852 Old Gate Plaza,Female, in-office
863,Cullan Portugal,491495797,Web Developer,128623,50,7,66 Del Mar Avenue,Male, in-office
865,Jackelyn Whapple,649146640,Programmer,457746,47,10,7 Hansons Lane,Female, in-office
867,Cordula Sliman,147872354,Front End Developer,454058,43,7,05 Morrow Road,Female, in-office
869,Joly Timberlake,211821086,Developer,353162,36,10,25455 Prentice Lane,Female, in-office
871,Jasmin Lanchbury,665375950,Software Developer,202242,48,8,2 Sycamore Hill,Female, in-office
873,Jack Darkins,475241615,Software Engineer,414666,46,3,40 Raven Terrace,Male, in-office
875,Amalea Foxon,175899157,Senior Software Developer,467181,41,7,331 School Place,Female, in-office
877,Ingrim Taree,756507352,Software Architect,163594,49,2,48529 Arapahoe Trail,Male, in-office
879,Hermie Bemand,748793122,QA Engineering Manager,407583,39,9,148 Monterey Junction,Male, in-office
881,Vince Poulsum,693954012,Junior Software Developer,484164,53,7,441 East Center,Male, in-office
883,Benito Haslam,795537352,Web Developer,242851,56,5,79026 Sunnyside Street,Male, in-office
885,Gina Corns,328492896,Programmer,381958,48,5,3705 Kings Park,Female, in-office
887,Ruthe Gorrie,562225187,Front End Developer,132260,52,6,96 Washington Road,Female, in-office
889,Engracia Milligan,332687907,Developer,245980,49,9,2481 Oakridge Junction,Female, in-office
891,Casey Mauser,380060407,Software Developer,414202,36,1,9860 Onsgard Center,Male, in-office
893,Nadine McConnulty,491235813,Software Engineer,259223,35,9,23 Tomscot Park,Female, in-office
895,Roanna Sarton,391271353,Senior Software Developer,480745,60,4,06 Prairie Rose Drive,Female, in-office
897,Harper Dawidowicz,470695198,Software Architect,474586,38,5,71417 Moulton Road,Male, in-office
899,Timothee Santry,814309569,QA Engineering Manager,354871,43,4,1615 5th Lane,Male, in-office
901,Waylan Arnecke,553061280,Junior Software Developer,252731,52,0,2944 Becker Drive,Male, in-office
903,Skyler Castellino,177694214,Web Developer,350984,49,3,7 Roth Trail,Male, in-office
905,Benedicta Gooding,784486085,Programmer,230045,37,10,838 Superior Circle,Female, in-office
907,Lydia Abrahamsson,394234714,Front End Developer,106350,54,8,5407 Declaration Pass,Female, in-office
909,Velma Izhak,198980192,Developer,405449,53,6,7 Towne Terrace,Female, in-office
911,Reine Messier,650338146,Software Developer,357716,44,2,93 Hintze Circle,Female, in-office
913,Stinky Southouse,425907420,Software Engineer,280059,35,9,639 Nobel Trail,Male, in-office
915,Adrien Durston,146207042,Senior Software Developer,295637,51,10,71 Rockefeller Parkway,Male, in-office
917,Maximilien Hemstead,563904980,Software Architect,260859,58,4,04 Loftsgordon Terrace,Male, in-office
919,Ariel Klosges,174231936,QA Engineering Manager,347541,54,7,96 High Crossing Pass,Male, in-office
921,Earle Collingridge,721553028,Junior Software Developer,222763,60,6,9 Onsgard Drive,Male, in-office
923,Waiter Ramshaw,136702829,Web Developer,349956,50,9,1344 Emmet Point,Male, in-office
925,Addie Patershall,145617926,Programmer,367850,44,6,95 Golden Leaf Road,Male, in-office
927,Hebert Mattocks,714695637,Front End Developer,377540,50,5,05218 Dawn Lane,Male, in-office
929,Carmelle Apark,268916796,Developer,119191,43,0,01 Summer Ridge Avenue,Female, in-office
931,Darbee Scotchforth,268906771,Software Developer,306867,51,9,51814 1st Junction,Male, in-office
933,Darya Beetham,432965496,Software Engineer,438494,58,4,90 Waywood Parkway,Female, in-office
935,Kristo Josuweit,784830169,Senior Software Developer,158787,36,2,50 Waubesa Parkway,Male, in-office
937,Sullivan Roswarn,373409463,Software Architect,498788,57,7,54 Knutson Avenue,Male, in-office
939,Jennica Corssen,659593694,QA Engineering Manager,486722,49,7,1 Jackson Court,Female, in-office
941,Carri Ebenezer,848874464,Junior Software Developer,121919,40,9,71 Eagle Crest Park,Female, in-office
943,Vickie Padberry,899508953,Web Developer,203762,45,9,989 Service Park,Female, in-office
945,Stevie Patters,337465038,Programmer,145250,51,9,9 Claremont Point,Male, in-office
947,Meyer Rosenbloom,326498219,Front End Developer,367914,53,6,12619 Roxbury Plaza,Male, in-office
949,Jenilee Dupoy,579492864,Developer,208269,50,1,025 Karstens Place,Female, in-office
951,Kennedy Baumler,819340745,Software Developer,401029,54,3,599 Schiller Trail,Male, in-office
953,Powell Tomeo,227183393,Software Engineer,209086,35,1,199 Sugar Trail,Male, in-office
955,Kevan Jeeks,891279020,Senior Software Developer,433823,47,6,31087 Orin Center,Male, in-office
957,Ibbie Simpson,221448844,Software Architect,269675,55,3,03 Dahle Center,Female, in-office
959,Gisella Apark,499099226,QA Engineering Manager,172693,55,8,77 Graedel Point,Female, in-office
961,Royal Mityashev,736340629,Junior Software Developer,495561,50,1,22 Nancy Circle,Male, in-office
963,Tanhya Brilleman,277535404,Web Developer,463186,39,3,0 Starling Road,Female, in-office
965,Daffi Donahue,623394192,Programmer,469047,35,0,45 Dakota Parkway,Female, in-office
967,Dasha Kleynermans,745807464,Front End Developer,449193,42,8,81 Crescent Oaks Avenue,Female, in-office
969,Petey Aberkirder,152729836,Developer,108843,58,3,903 Gulseth Court,Male, in-office
971,Gabrila Camoletto,191939803,Software Developer,208181,47,2,8238 Helena Circle,Female, in-office
973,Aili O'Day,825325092,Software Engineer,192217,55,10,595 Maywood Avenue,Female, in-office
975,Salmon Gronowe,404828950,Senior Software Developer,321469,42,1,875 Swallow Court,Male, in-office
977,Myca Wherrett,285778754,Software Architect,129654,53,8,16 Meadow Valley Street,Male, in-office
979,Shane Tippings,116249126,QA Engineering Manager,448786,43,3,0 Lunder Lane,Male, in-office
981,Christye Fife,845366126,Junior Software Developer,375271,54,1,8595 Thierer Parkway,Female, in-office
983,Aksel Reagan,811654758,Web Developer,449937,59,3,1401 Lighthouse Bay Avenue,Male, in-office
985,Meghan Chivers,548455277,Programmer,183786,39,6,39206 Corben Pass,Female, in-office
987,Gallard Moisey,758395558,Front End Developer,480427,49,10,579 Surrey Lane,Male, in-office
989,Saree Stobie,402704232,Developer,393813,42,2,0968 Mayer Terrace,Female, in-office
991,Sollie Baglow,852424015,Software Developer,143352,50,9,61319 Jenifer Junction,Male, in-office
993,Paxton Antliff,179596309,Software Engineer,399802,45,1,060 Scofield Lane,Male, in-office
995,Haydon Merrigans,582453186,Senior Software Developer,431354,60,2,9467 Badeau Avenue,Male, in-office
997,Izak Reggio,217184944,Software Architect,113347,37,4,8 Alpine Crossing,Male, in-office
999,Armin Ricketts,880948125,QA Engineering Manager,193647,40,7,7600 Charing Cross Terrace,Male, in-office