ID,name,ssn,title,salary,age,years_of_experience,address,gender
1,Cinnamon Kinkaid,671931113,Junior Software Developer,323381,37,8,4207 Hooker Center,Female
2,Mayne Shingler,736400467,Web Developer,333815,48,6,7 Debs Center,Male
3,Nerti Esposi,342541231,Programmer,185583,59,3,1 Commercial Terrace,Female
4,Mira Vidyapin,426888886,Front End Developer,426593,53,2,95 Blaine Hill,Female
5,Alicea Conws,421514599,Developer,216343,57,7,1395 Gale Alley,Female
6,Corabel Witcomb,731362362,Software Developer,279488,42,0,14078 Hermina Plaza,Female
7,Karin Hobbing,853420050,Software Engineer,274990,36,0,3020 Brown Trail,Female
8,Darren Kemwall,790926508,Senior Software Developer,117063,36,3,6020 Troy Alley,Male
9,Jammie Rubes,176776064,Software Architect,325861,47,0,56527 Thompson Court,Female
10,Alta Radmer,746052877,QA Engineering Manager,287146,52,2,7 Golf Course Avenue,Female
11,Jerrold Dowdam,502817002,Junior Software Developer,165974,54,9,27714 Glacier Hill Plaza,Male
12,Ike Caulder,473400871,Web Developer,356316,56,5,12010 Vera Park,Male
13,Loralee Strauss,203493537,Programmer,233143,35,1,004 Northview Point,Female
14,Trudie Nightingale,508032682,Front End Developer,177746,53,7,554 Bluestem Avenue,Female
15,Jobey Lacroux,709273329,Developer,470350,58,4,8968 Mallory Junction,Female
16,Niven Kedwell,153777377,Software Developer,460436,47,3,290 Mitchell Way,Male
17,Amye Riatt,208859899,Software Engineer,257143,60,1,5491 Golf View Crossing,Female
18,Adaline Dubbin,386862722,Senior Software Developer,387507,59,4,83 Memorial Avenue,Female
19,Delphine Smerdon,422155356,Software Architect,363975,59,3,658 Hoard Center,Female
20,Powell Ballsdon,706983694,QA Engineering Manager,435633,48,10,272 Bartillon Drive,Male
21,Stacey Carnew,640551571,Junior Software Developer,429884,43,5,92 Pearson Place,Female
22,Darrelle Condict,423068258,Web Developer,258440,52,7,27791 Sage Road,Female
23,Buffy Luetkemeyer,539049046,Programmer,239997,36,4,670 Tomscot Drive,Female
24,Hodge Shakesby,729598588,Front End Developer,225830,59,3,188 Calypso Alley,Male
25,Miles Elverstone,792423238,Developer,479013,52,8,77 Montana Lane,Male
26,Torre Houlridge,427566955,Software Developer,211559,59,8,6 Monument Circle,Male
27,Darcee Clementi,414935153,Software Engineer,370284,38,3,677 Rusk Terrace,Female
28,Amy McCullouch,350037570,Senior Software Developer,167698,46,1,83426 Nancy Hill,Female
29,Jessica Perren,885107265,Software Architect,260103,42,1,1744 Forster Point,Female
30,Marylou Spurr,293509898,QA Engineering Manager,268180,53,3,2630 Annamark Point,Female
31,Kurt Murrell,380322502,Junior Software Developer,379844,42,7,5 Twin Pines Avenue,Male
32,Amandy Pachta,730475913,Web Developer,230511,53,1,6808 Rowland Avenue,Female
33,Franciska Baise,874650756,Programmer,164911,50,5,30468 Ludington Road,Female
34,Jillene Rossey,319539757,Front End Developer,420777,46,8,68664 David Trail,Female
35,Dennet Esposita,706151947,Developer,462590,59,1,2 Reinke Junction,Male
36,Kara lynn Steward,381949278,Software Developer,488170,38,5,2254 Clove Junction,Female
37,Saloma Pawellek,212928518,Software Engineer,206610,52,7,21 Village Alley,Female
38,Roze Blakes,763847417,Senior Software Developer,272076,41,7,46345 Brentwood Court,Female
39,Wolf Langhor,624532971,Software Architect,283779,41,1,590 Scoville Pass,Male
40,Val Froom,281605769,QA Engineering Manager,192008,43,6,42896 Steensland Avenue,Female
41,Clemence Christol,413140150,Junior Software Developer,175722,36,10,6 Fairview Circle,Female
42,Christoper Wither,256108358,Web Developer,133388,42,3,3705 Vermont Avenue,Male
43,Bobbee Ribou,555619970,Programmer,467347,45,9,21081 Waxwing Circle,Female
44,Bernice Cowtherd,851534516,Front End Developer,363253,41,6,80099 Transport Circle,Female
45,Devin Stetson,386745798,Developer,349990,50,10,6496 Transport Trail,Male
46,Rutter Filby,619864192,Software Developer,449805,42,9,795 New Castle Junction,Male
47,Merrilee Fendlen,850482052,Software Engineer,424690,55,9,58 Judy Avenue,Female
48,Hobard Kobpac,759824274,Senior Software Developer,317731,44,9,54577 Towne Court,Male
49,Tessie Totterdill,266276048,Software Architect,480771,50,10,440 Graedel Hill,Female
50,Karoly McAw,199724224,QA Engineering Manager,426583,37,8,3754 Elgar Plaza,Male
51,Berri Papez,376492785,Junior Software Developer,138443,38,7,9155 Eastwood Pass,Female
52,Florella Riccio,393938413,Web Developer,202791,44,5,56 Erie Drive,Female
53,Frederico Cotmore,183393681,Programmer,189149,52,5,87954 Sachtjen Junction,Male
54,Lurette Jonk,875190214,Front End Developer,350074,36,10,95 Crescent Oaks Court,Female
55,Lanny Chalke,800723999,Developer,127338,54,7,4842 Redwing Circle,Male
56,Tabby Antonutti,282511469,Software Developer,412416,58,9,677 Rutledge Crossing,Female
57,Gillan Klasen,586186097,Software Engineer,387279,53,7,6 Fremont Alley,Female
58,Sharyl Nolleth,129363993,Senior Software Developer,471195,45,1,55828 Buell Court,Female
59,Con Salliere,842602228,Software Architect,389809,60,10,5 Shoshone Alley,Male
60,Hanna Congrave,150426813,QA Engineering Manager,132708,43,7,38 Carberry Hill,Female
61,Mikey Stretton,866493681,Junior Software Developer,199207,57,2,01 Calypso Avenue,Male
62,Pierrette Twomey,299775770,Web Developer,115197,36,1,74 Pond Drive,Female
63,Lindsey Mogenot,445877941,Programmer,495411,53,1,6 Lawn Lane,Female
64,Leroy Mahaffey,471836491,Front End Developer,115030,46,5,761 Granby Park,Male
65,Hortensia Holby,652236397,Developer,322816,55,2,2 Novick Trail,Female
66,Yoshiko Dani,738671731,Software Developer,176470,60,5,4649 Roth Hill,Female
67,Raphaela Piggot,379875002,Software Engineer,328409,48,3,8 Leroy Plaza,Female
68,Morganica Lamborn,577805123,Senior Software Developer,159292,35,1,51 Anderson Hill,Female
69,Buckie Rowatt,261410555,Software Architect,117207,52,0,7 Annamark Way,Male
70,Hermina Falls,115141956,QA Engineering Manager,323501,56,2,55847 Paget Crossing,Female
71,Corissa Abry,248529246,Junior Software Developer,221401,37,1,506 Meadow Ridge Hill,Female
72,Glyn Bensen,109899759,Web Developer,181153,50,6,826 Sutherland Terrace,Female
73,Bernardine Traice,538942601,Programmer,126895,38,2,707 Larry Park,Female
74,Andrea Watterson,623170077,Front End Developer,170120,53,1,9676 Porter Drive,Male
75,Cameron Piggin,683730973,Developer,203179,51,2,0017 Twin Pines Court,Male
76,Fraze Card,848278344,Software Developer,299998,45,0,0218 Havey Junction,Male
77,Mycah Danilewicz,895321709,Software Engineer,266301,55,5,25414 Briar Crest Park,Male
78,Janine Brewett,268860726,Senior Software Developer,163383,58,6,14 Jay Avenue,Female
79,Annabal Upfold,532369865,Software Architect,494669,41,0,6084 Huxley Pass,Female
80,Caz Luc,315820751,QA Engineering Manager,477049,38,10,751 Gina Road,Male
81,Fredek Slaymaker,731555530,Junior Software Developer,323546,37,10,67084 Hagan Court,Male
82,Prudence Budden,355802247,Web Developer,458735,53,0,4 Dexter Pass,Female
83,Veriee Shynn,208164592,Programmer,389635,51,0,236 Hudson Circle,Female
84,Towny D'Angeli,624304703,Front End Developer,456115,56,1,33770 Sachtjen Point,Male
85,Tome Lefridge,743741412,Developer,197322,56,5,15915 Golden Leaf Terrace,Male
86,Melita Mazillius,104046445,Software Developer,313304,58,2,5 Graceland Circle,Female
87,Abagael Casham,400560010,Software Engineer,432092,50,6,3731 Hudson Street,Female
88,Tyler Krzysztof,719373306,Senior Software Developer,113454,51,1,1 Scofield Drive,Male
89,Ethelyn Harrow,248605423,Software Architect,270434,45,9,8 Manitowish Way,Female
90,Liesa Jeffes,505914144,QA Engineering Manager,383028,54,1,40885 5th Crossing,Female
91,Humbert Tevlin,530532400,Junior Software Developer,472190,38,8,2 Golf Terrace,Male
92,Bealle Ingerfield,584888850,Web Developer,204788,40,8,8438 Sunfield Trail,Male
93,Joelie Nani,892758332,Programmer,487656,60,2,32040 Schiller Trail,Female
94,Mychal Bartusek,301422194,Front End Developer,190801,42,10,91 Caliangt Alley,Male
95,Wendall Ducket,409019553,Developer,116657,38,0,80410 Esch Center,Male
96,Corene Keson,338837771,Software Developer,259487,55,2,69 West Park,Female
97,Lorilyn Dunnaway,481731925,Software Engineer,335499,55,9,97812 Laurel Alley,Female
98,Belvia Caffin,453725966,Senior Software Developer,450377,44,0,89 Melody Circle,Female
99,Agace Purkins,612546374,Software Architect,422218,36,3,03 Sunnyside Way,Female
100,Jaymee Duprey,361913993,QA Engineering Manager,171138,56,8,5 Clyde Gallagher Park,Female
101,Guglielmo Koopman,171633532,Junior Software Developer,120873,48,9,6 Esker Lane,Male
102,Micki Pilpovic,385146803,Web Developer,324167,54,6,687 Butterfield Plaza,Female
103,Berk Riglesford,427311538,Programmer,382890,36,6,32068 Hintze Pass,Male
104,Rona Farrimond,664722918,Front End Developer,485073,57,3,2260 Eagan Junction,Female
105,Lethia Arnowicz,158365270,Developer,125700,54,5,8811 Summerview Way,Female
106,Freddie McGonagle,876461793,Software Developer,306498,39,1,2 Pankratz Terrace,Male
107,Field Dundon,834207652,Software Engineer,266606,37,7,7 Anderson Court,Male
108,Guthrie Peirson,318853275,Senior Software Developer,475124,50,2,4024 Redwing Plaza,Male
109,Addy Reddan,120016782,Software Architect,396563,50,10,60 Rigney Park,Male
110,Hillary Darlison,128169249,QA Engineering Manager,465350,42,1,94720 Lawn Street,Female
111,Ileane Challens,146987771,Junior Software Developer,311791,35,10,61734 Hagan Junction,Female
112,Samara Freestone,745095193,Web Developer,188964,53,5,71640 Nobel Street,Female
113,Ira Hagan,533204327,Programmer,322395,54,6,628 Messerschmidt Court,Female
114,Marje Pitt,810705213,Front End Developer,125262,57,0,46180 Lyons Drive,Female
115,Eolanda Davenall,247839528,Developer,392550,50,0,2005 Barby Plaza,Female
116,Avivah Drews,669630095,Software Developer,283628,57,1,7 Eagle Crest Park,Female
117,Harmon Folkard,620567857,Software Engineer,467952,35,4,51585 Tony Way,Male
118,Rufe Muzzi,683361750,Senior Software Developer,131041,60,7,4043 Transport Alley,Male
119,Ernestus Leese,575461459,Software Architect,287234,60,9,66 1st Drive,Male
120,Cesaro Linfoot,590738074,QA Engineering Manager,487446,60,10,5450 Erie Plaza,Male
121,Flin Heinicke,685165187,Junior Software Developer,107874,42,4,00263 Merrick Crossing,Male
122,Binky Drinkhall,724265790,Web Developer,379211,54,1,404 Loomis Way,Male
123,Aylmar Keemer,494328843,Programmer,170223,51,9,2 Blackbird Junction,Male
124,Margette Bulward,669941008,Front End Developer,456486,44,6,260 Village Way,Female
125,Fred Sired,810569893,Developer,408894,37,7,30 Mitchell Alley,Male
126,Vittorio Moriarty,657447736,Software Developer,236196,45,5,294 Mitchell Plaza,Male
127,Rosemarie Kendell,450251710,Software Engineer,189389,50,8,125 Badeau Lane,Female
128,Desirae Gritton,590754477,Senior Software Developer,119542,47,3,98894 Havey Park,Female
129,Willis Stobart,150488395,Software Architect,499747,39,5,72 Harbort Pass,Male
130,Eddie Bennis,791464986,QA Engineering Manager,276934,42,10,99045 Homewood Alley,Male
131,Fabio Quelch,534991605,Junior Software Developer,146666,44,10,28 Scott Crossing,Male
132,Graham Boecke,777908261,Web Developer,185972,56,1,31 Clemons Point,Male
133,Karlik Jachimczak,891518125,Programmer,427710,52,3,09336 Maple Wood Plaza,Male
134,Ringo Phipard Shears,310073982,Front End Developer,423089,60,2,8501 Moulton Avenue,Male
135,Vicky Guy,241561113,Developer,408048,56,5,2090 Thackeray Avenue,Female
136,Doralyn Killough,642834573,Software Developer,258154,56,6,19 Meadow Valley Alley,Female
137,El Laidlaw,820502691,Software Engineer,460277,35,2,31177 Lillian Pass,Male
138,William Rowney,735444230,Senior Software Developer,437249,36,8,81 Melby Plaza,Male
139,Benoit Castane,598464618,Software Architect,225802,43,2,87162 Green Ridge Park,Male
140,Emili Gueste,542665908,QA Engineering Manager,266992,45,8,3223 Maryland Way,Female
141,Emiline MacRitchie,551221456,Junior Software Developer,326235,42,8,9196 Dunning Crossing,Female
142,Abel Penton,514183600,Web Developer,279209,47,8,6 Morning Way,Male
143,Ruby Sherwin,766690343,Programmer,162368,47,8,61845 Warner Junction,Male
144,Cynthy Ewart,269977171,Front End Developer,368117,49,10,3 Memorial Road,Female
145,Vanya Moulin,181526422,Developer,326154,41,0,8 Fallview Alley,Male
146,Alwyn Attenbarrow,271272266,Software Developer,143250,49,4,3 Lillian Center,Male
147,Grazia Rickaert,742471753,Software Engineer,120948,54,4,8 Corben Road,Female
148,Monique Millward,355830644,Senior Software Developer,137081,60,9,68 Twin Pines Hill,Female
149,Griz Birtwhistle,778842530,Software Architect,400585,42,5,00927 Montana Crossing,Male
150,Brendon Slatten,415184939,QA Engineering Manager,320389,48,0,026 Ryan Circle,Male
151,Marlon Warwicker,629766169,Junior Software Developer,254228,48,9,4773 Huxley Alley,Male
152,Konstantine Skillen,492753878,Web Developer,115873,53,9,79074 4th Trail,Male
153,Winthrop Haquin,373272310,Programmer,201240,39,5,57 Becker Park,Male
154,Crosby Goodfellowe,720063025,Front End Developer,435077,36,8,6 Springs Hill,Male
155,Joann Bolan,573645557,Developer,139097,38,1,9373 Meadow Valley Way,Female
156,Debby Wrightem,523878231,Software Developer,197781,41,0,499 Laurel Alley,Female
157,Suki Vurley,457531792,Software Engineer,198681,56,3,6106 Novick Drive,Female
158,Cristin Weekley,358685652,Senior Software Developer,128960,52,4,94057 Leroy Circle,Female
159,Dewie Spittall,446401788,Software Architect,274431,51,8,2708 Moose Way,Male
160,Hayden Cutill,809109419,QA Engineering Manager,100600,57,3,7737 South Junction,Male
161,Meg Mangeot,578177844,Junior Software Developer,156914,52,4,545 Vidon Point,Female
162,Fabien Muckley,562670751,Web Developer,252097,53,7,41 Brown Place,Male
163,Karissa Ivatts,453660210,Programmer,189751,58,10,66 Warrior Drive,Female
164,Ernest Schuck,569291599,Front End Developer,417871,50,5,7606 Golf View Street,Male
165,Harwilll Wichard,776256479,Developer,130463,51,6,8 Stone Corner Center,Male
166,Isaiah Shrigley,458689219,Software Developer,127081,41,1,67 Fairfield Plaza,Male
167,Tomlin O'Currigan,894543493,Software Engineer,409070,52,4,2 Scoville Circle,Male
168,Tammie Giacobo,631850359,Senior Software Developer,366027,48,8,2 Banding Place,Female
169,Zoe Danilishin,379319971,Software Architect,353228,45,8,53 David Center,Female
170,Sam McKeowon,103869667,QA Engineering Manager,444133,43,5,3647 Ridgeview Terrace,Female
171,Keelia Densell,593454607,Junior Software Developer,102730,59,0,3 Fairfield Junction,Female
172,Bay Kintzel,743755581,Web Developer,137165,59,8,0 Russell Street,Male
173,Scarface Zanuciolii,518349068,Programmer,225569,38,7,004 Eagan Parkway,Male
174,Devi Bugg,283557443,Front End Developer,119454,58,3,245 Hayes Hill,Female
175,Yolanthe Waight,151026661,Developer,362627,38,8,8304 Park Meadow Lane,Female
176,Roxanna Najara,145308426,Software Developer,459432,36,0,5688 Macpherson Place,Female
177,Bradford Milstead,597761799,Software Engineer,306129,51,7,6 Kingsford Trail,Male
178,Hatty Chamberlin,134799494,Senior Software Developer,172164,53,5,54677 Del Sol Plaza,Female
179,Lory Coddrington,428537788,Software Architect,261775,56,8,32 Golden Leaf Avenue,Female
180,Lenora Scapens,716351145,QA Engineering Manager,283535,37,9,5111 Tennyson Place,Female
181,Rafaellle D'Emanuele,586802709,Junior Software Developer,265750,47,6,24 Raven Junction,Male
182,Madonna Pfeffel,347494739,Web Developer,166574,60,9,89712 Susan Street,Female
183,Ethelbert Caverhill,403048287,Programmer,410666,43,0,797 Coolidge Court,Male
184,Kylie Bernardelli,392384342,Front End Developer,408128,39,8,8 Hanson Drive,Female
185,Martelle Midghall,241958158,Developer,278394,50,10,0 Stone Corner Pass,Female
186,Ursulina Greeno,539590238,Software Developer,237229,45,6,69 Barnett Circle,Female
187,Karina Moncrieffe,395623588,Software Engineer,135994,42,10,1067 Fairfield Avenue,Female
188,Arin Godsil,443424137,Senior Software Developer,112144,55,0,3038 Beilfuss Point,Male
189,Domenic Gierardi,390419893,Software Architect,234811,43,7,818 Colorado Parkway,Male
190,Griswold Edmondson,206022821,QA Engineering Manager,189752,52,7,76 Leroy Drive,Male
191,Reinhard Grahame,151904849,Junior Software Developer,179516,38,6,033 Luster Plaza,Male
192,Libby Bratten,747848613,Web Developer,202748,50,10,04078 Monterey Court,Female
193,Joya Snodden,359987874,Programmer,315626,36,2,211 Redwing Point,Female
194,Siana Leyrroyd,407102360,Front End Developer,417699,36,6,56559 Claremont Lane,Female
195,Jonas Lacy,739603732,Developer,251093,48,0,097 Pennsylvania Plaza,Male
196,Marwin Boyles,621624141,Software Developer,324363,42,6,0773 Stang Junction,Male
197,Tiffanie McTaggart,391460844,Software Engineer,209412,40,10,6661 Nevada Court,Female
198,Drona Ockenden,458314152,Senior Software Developer,397652,53,10,5754 Michigan Point,Female
199,Randolf Witton,333532167,Software Architect,107328,57,5,234 Dwight Park,Male
200,Delora Teasdale,446488533,QA Engineering Manager,162652,42,7,74542 Linden Terrace,Female
201,Elizabeth Haslehurst,236915212,Junior Software Developer,413703,37,1,0085 Bluejay Lane,Female
202,Kirbee Saltwell,428187942,Web Developer,218637,52,4,0 Roth Road,Female
203,Flynn Blessed,169152306,Programmer,104091,45,1,2 Weeping Birch Street,Male
204,Tansy Kausche,264999969,Front End Developer,289014,46,1,89349 Surrey Lane,Female
205,Claudius Davidi,428626005,Developer,367292,47,4,0 Sloan Trail,Male
206,Alexandra Luttgert,147965401,Software Developer,253623,53,2,90 Dottie Circle,Female
207,Nataline Cheson,588694800,Software Engineer,368196,56,5,0 Laurel Place,Female
208,Gail Pilipyak,433385730,Senior Software Developer,347305,36,8,84 Spaight Junction,Female
209,Alyce Breagan,190791633,Software Architect,342644,35,6,3467 Prentice Alley,Female
210,Jud McGunley,795986273,QA Engineering Manager,345658,49,10,11 Killdeer Plaza,Male
211,Sioux Spitell,409855354,Junior Software Developer,464502,37,8,39712 Shasta Street,Female
212,Garret Matignon,798399782,Web Developer,132933,50,4,04006 Golf Plaza,Male
213,Roberto Shambrooke,337136577,Programmer,492148,57,3,0 Kedzie Circle,Male
214,Pietro Cleland,486833541,Front End Developer,391201,58,4,9 Mallard Way,Male
215,Ronald Sexstone,627933662,Developer,151804,59,9,3339 Hanover Lane,Male
216,Nonna Augur,394737546,Software Developer,486742,60,6,4303 Meadow Ridge Way,Female
217,Atlante Djorevic,347253022,Software Engineer,452029,47,10,6685 Nelson Alley,Female
218,Evangelin Mawford,633991648,Senior Software Developer,158089,47,2,3 Maple Wood Place,Female
219,Lindy Marcussen,847700442,Software Architect,449665,53,6,29 Holy Cross Alley,Male
220,Brose Elan,746365347,QA Engineering Manager,420446,51,2,81 Evergreen Terrace,Male
221,Hartley Bailey,361285795,Junior Software Developer,112978,47,3,40 Independence Junction,Male
222,Yehudit De Morena,313284740,Web Developer,401573,36,10,0 Shopko Circle,Male
223,Tommy Keri,451900703,Programmer,188004,35,0,1 Thompson Drive,Female
224,Amandie Fontaine,492679768,Front End Developer,491713,46,3,5721 Holmberg Junction,Female
225,Jed Guerry,315054935,Developer,211242,50,1,2 Crowley Parkway,Male
226,Grange Vivien,115184990,Software Developer,376372,36,4,46 Burning Wood Alley,Male
227,Fredelia Detoc,708954944,Software Engineer,150536,39,6,438 Waubesa Road,Female
228,Bartholemy Sweetenham,705250605,Senior Software Developer,362240,39,9,659 Dakota Lane,Male
229,Martita Tithacott,456164817,Software Architect,274471,54,10,122 Eggendart Road,Female
230,Abbey Deere,754548985,QA Engineering Manager,214449,54,5,63971 Schiller Hill,Male
231,Zora Terrett,889666284,Junior Software Developer,280356,36,9,64 Donald Lane,Female
232,Colet Andrzejewski,377207984,Web Developer,347951,39,3,09347 Clarendon Place,Male
233,Stacy Janowski,459669614,Programmer,205512,47,2,16839 Lindbergh Court,Male
234,Bald Cowdry,589321068,Front End Developer,374648,42,0,21588 Wayridge Circle,Male
235,Skelly Scoggan,686081737,Developer,268108,45,8,164 Riverside Parkway,Male
236,Susi Vasilkov,829861324,Software Developer,174821,57,4,95764 Karstens Point,Female
237,Rodrick Filip,587716849,Software Engineer,174230,51,9,66351 Orin Road,Male
238,Michael Hallaways,254490127,Senior Software Developer,345428,52,0,55 Beilfuss Place,Male
239,Shannen Standley,305888445,Software Architect,494901,37,1,84 Tomscot Crossing,Female
240,Rosco Jonsson,575130683,QA Engineering Manager,225595,35,4,4 Eastlawn Circle,Male
241,Kylen Fost,848520250,Junior Software Developer,394750,44,6,01484 Marcy Parkway,Female
242,Wendi Crofthwaite,446098631,Web Developer,153208,39,0,45061 Northport Terrace,Female
243,Devon Reolfi,892347943,Programmer,177658,37,4,12922 Cottonwood Road,Female
244,Marcelline Rounce,874540983,Front End Developer,146421,40,4,8 Colorado Drive,Female
245,Deonne Van den Velden,494830748,Developer,206634,37,0,6 Eagan Center,Female
246,Ches Lenahan,873258358,Software Developer,204485,50,0,7 Grasskamp Drive,Male
247,Kenon Trematick,298926940,Software Engineer,300372,57,8,06 Barby Road,Male
248,Darsie Otton,117129341,Senior Software Developer,164676,38,0,95 Arapahoe Center,Female
249,Gale Scarsbrick,413185186,Software Architect,153456,37,2,2 Vidon Avenue,Female
250,Pammy Merit,556367098,QA Engineering Manager,167738,43,0,67 Cherokee Avenue,Female
251,Gaultiero Bann,180115813,Junior Software Developer,462671,51,5,2 Upham Avenue,Male
252,Ingram Jaskowicz,596458866,Web Developer,154751,40,3,7 Prentice Terrace,Male
253,Sharleen Piser,858374221,Programmer,118013,55,8,3 Farmco Trail,Female
254,Babette Sapsford,452332742,Front End Developer,266293,55,6,4 Evergreen Circle,Female
255,Umberto Stede,144210384,Developer,245925,51,1,80 Claremont Park,Male
256,Ophelia Yarham,104846320,Software Developer,273691,50,5,238 Pierstorff Terrace,Female
257,Chiquia Couper,521558124,Software Engineer,172925,39,6,09 Forest Run Parkway,Female
258,Yettie Jopling,573057328,Senior Software Developer,404127,50,5,400 Talisman Junction,Female
259,Mariann Prine,530583485,Software Architect,128882,55,2,7 Graceland Trail,Female
260,Ogdon Quenby,359203767,QA Engineering Manager,260786,55,3,1934 Nobel Point,Male
261,Susan Van Schafflaer,555169874,Junior Software Developer,237187,40,6,4984 Oak Alley,Female
262,Lib Proud,625614170,Web Developer,374526,43,4,5050 Erie Court,Female
263,Lem Huddy,327082310,Programmer,121706,39,1,555 Prairie Rose Court,Male
264,Agnella Crosier,158728446,Front End Developer,401326,38,10,6 Prairieview Pass,Female
265,Ardelle Badby,847130586,Developer,125199,46,9,67206 Hoepker Trail,Female
266,Rafa Edes,315072164,Software Developer,204127,40,3,971 Miller Avenue,Female
267,Siana Methven,263184204,Software Engineer,360115,35,1,38 Troy Alley,Female
268,Ninnetta Blew,255161487,Senior Software Developer,444278,51,1,887 David Terrace,Female
269,Frazier Cheyenne,314812583,Software Architect,491559,60,4,20404 Barby Road,Male
270,Arch Stubbes,743424715,QA Engineering Manager,193345,43,4,6 Arapahoe Crossing,Male
271,Paula Ribey,580472567,Junior Software Developer,202396,40,8,6725 Dunning Plaza,Female
272,Lindi Cockland,811959395,Web Developer,206466,59,4,48 Rowland Lane,Female
273,Andie Templeton,725175811,Programmer,204400,53,5,7713 Sauthoff Alley,Female
274,Evangelia Costen,404547418,Front End Developer,405862,44,7,32 Hauk Point,Female
275,Kincaid Shyres,738782084,Developer,337904,50,9,54 Tennyson Parkway,Male
276,Etienne Abrahm,161541221,Software Developer,290056,58,3,29026 Heffernan Center,Male
277,Alyda Ivamy,859388989,Software Engineer,484426,40,2,365 Riverside Drive,Female
278,Emilie Spain Gower,261875767,Senior Software Developer,233001,40,1,1 Stoughton Plaza,Female
279,Foss Dominick,705075991,Software Architect,449108,40,4,17418 Farwell Crossing,Male
280,Elnore Cluely,349418200,QA Engineering Manager,171386,60,9,3128 Mariners Cove Alley,Female
281,Mordy Hissett,766968845,Junior Software Developer,440449,37,8,21266 Donald Center,Male
282,Sadie Bridal,631893629,Web Developer,352841,54,2,7 Portage Trail,Female
283,Valaria McKerley,763793454,Programmer,466693,57,1,85303 Grim Pass,Female
284,Rainer Ralton,447921691,Front End Developer,343210,41,4,125 Forest Dale Parkway,Male
285,Inessa Eisenberg,542753069,Developer,222885,58,5,634 Bowman Hill,Female
286,Lorne Lawless,356846451,Software Developer,373826,49,2,877 Fremont Street,Male
287,Clarance Chrestien,420041571,Software Engineer,195587,55,3,42208 Northport Circle,Male
288,Livvyy Biss,834844621,Senior Software Developer,241687,45,5,9 Pierstorff Terrace,Female
289,Halimeda Richens,124743549,Software Architect,115821,35,6,229 Onsgard Trail,Female
290,Lucky Le Jean,241428128,QA Engineering Manager,136000,37,1,428 Hoffman Way,Female
291,Jeddy Pickwell,568528748,Junior Software Developer,245791,54,9,54841 Columbus Circle,Male
292,Robert Crockford,297192946,Web Developer,386428,42,3,983 Meadow Valley Road,Male
293,Eunice Padell,339938788,Programmer,492240,39,7,4 Hansons Avenue,Female
294,Bathsheba Gyse,177434388,Front End Developer,496182,59,9,9 Sullivan Alley,Female
295,Flint Fawley,372697412,Developer,212193,55,10,32793 Park Meadow Court,Male
296,Missie Dionsetti,151769316,Software Developer,284793,60,6,401 Westport Terrace,Female
297,Curry Abbets,206130504,Software Engineer,312546,41,0,7852 Grim Junction,Male
298,Minne Gocke,761228341,Senior Software Developer,385339,37,6,194 Arapahoe Alley,Female
299,Kirsti Carabine,358538097,Software Architect,427839,45,7,49726 Montana Pass,Female
300,Brooke Corner,145929114,QA Engineering Manager,381969,38,6,7183 Northland Center,Female
301,Leann Abarough,707794750,Junior Software Developer,147960,55,7,96 New Castle Center,Female
302,Hedvige Reide,676161911,Web Developer,126157,47,5,5 Dovetail Plaza,Female
303,Ermina Woodcroft,567484738,Programmer,418272,59,10,61106 Monterey Street,Female
304,Correy Jeffery,101626061,Front End Developer,274111,35,10,2 Cherokee Point,Female
305,Randolph Heinschke,369742489,Developer,144068,42,8,56 Paget Crossing,Male
306,Blinny O'Dowling,623420267,Software Developer,173778,38,10,10 Haas Road,Female
307,Winni Howland,401312988,Software Engineer,157439,43,9,8 Crowley Pass,Female
308,Borden Lant,680236568,Senior Software Developer,232646,50,3,95052 Dorton Crossing,Male
309,Garret Ruggier,682714379,Software Architect,486727,45,0,24415 Goodland Street,Male
310,Ode Torbeck,608741953,QA Engineering Manager,171737,52,4,22002 Doe Crossing Park,Male
311,Cassey Drakes,547682965,Junior Software Developer,448305,50,5,2 Briar Crest Junction,Female
312,Olga Cockman,554827056,Web Developer,467580,42,5,73 Ridgeway Center,Female
313,Kristoffer Crummy,728402448,Programmer,226400,58,8,8 Almo Hill,Male
314,Kristina Danielsohn,376823687,Front End Developer,411484,38,8,22236 Talisman Road,Female
315,Carolan Larver,621563027,Developer,123030,55,7,25 Melrose Pass,Female
316,Inger Taplow,140545242,Software Developer,487126,38,4,76 Milwaukee Point,Male
317,Bobina Vowell,189922375,Software Engineer,111348,53,8,407 Porter Parkway,Female
318,Daveta Toppas,370819069,Senior Software Developer,409111,47,1,64 Crescent Oaks Trail,Female
319,Eliza Sturrock,881228177,Software Architect,385630,50,10,3 Brown Avenue,Female
320,Sax MacAughtrie,299899095,QA Engineering Manager,124774,38,5,7 Gulseth Point,Male
321,Etta Ruselin,624729656,Junior Software Developer,205455,35,7,61 Goodland Court,Female
322,Corrie Corteis,582079211,Web Developer,235472,59,0,82 Delladonna Court,Female
323,Travus Borres,298186340,Programmer,298370,45,9,89412 Continental Court,Male
324,Ashbey Blazeby,795072467,Front End Developer,297152,48,5,153 Magdeline Circle,Male
325,Mirelle Gowanson,715223342,Developer,409530,47,9,015 Blue Bill Park Center,Female
326,Margarita Middleweek,232558907,Software Developer,369808,45,5,4316 Talisman Center,Female
327,Frayda Bellin,498222819,Software Engineer,347989,39,10,7 Esch Plaza,Female
328,Krista Biesterfeld,197980217,Senior Software Developer,310064,55,7,98 Warbler Place,Female
329,Corty Branca,856462422,Software Architect,451243,47,4,69895 Ryan Street,Male
330,Leonora Vyel,170353183,QA Engineering Manager,353143,54,10,5 Surrey Terrace,Female
331,Vinita Beatson,751936743,Junior Software Developer,485727,43,0,5770 Artisan Center,Female
332,Dame Hildrew,239184179,Web Developer,486868,52,10,76 Loftsgordon Avenue,Male
333,Aloysius Mecco,869116100,Programmer,278327,39,0,48596 Golden Leaf Court,Male
334,Nealson Brugsma,616891494,Front End Developer,465863,44,4,43256 Porter Point,Male
335,Cassandry Trunkfield,395699043,Developer,212428,35,7,332 Merry Street,Female
336,Cyrus Bradburn,148976421,Software Developer,327249,42,2,86 Monterey Point,Male
337,Ema Nani,210862068,Software Engineer,103680,42,8,070 Shoshone Pass,Female
338,David Naulty,743327852,Senior Software Developer,133708,54,9,93 Anniversary Parkway,Male
339,Donica Origin,596233571,Software Architect,285900,48,8,3157 Welch Center,Female
340,Christophe Barkly,694692776,QA Engineering Manager,224641,38,3,0277 Milwaukee Plaza,Male
341,Suki Daine,777462351,Junior Software Developer,342696,36,4,68 Melvin Parkway,Female
342,Nolana Hovell,234313627,Web Developer,392652,50,0,5 Monterey Point,Female
343,Gabriello Vannuchi,451196671,Programmer,428308,51,7,4 Esch Court,Male
344,Greggory Sushams,722993535,Front End Developer,355098,47,10,882 Arapahoe Crossing,Male
345,Heidi Zeal,279995684,Developer,249607,50,8,73 Hoffman Place,Female
346,Agace Graham,893125171,Software Developer,401164,47,3,95 Butterfield Avenue,Female
347,Orion Tillerton,577729540,Software Engineer,384722,44,8,5 Meadow Ridge Crossing,Male
348,Adan Marke,133346427,Senior Software Developer,492550,39,6,4833 Montana Street,Male
349,Zachery Jollands,725249210,Software Architect,308057,39,7,48857 Oneill Trail,Male
350,Price Joddens,276464539,QA Engineering Manager,250586,39,10,15846 Scott Court,Male
351,Lorettalorna Vaneev,425947698,Junior Software Developer,116816,53,8,6 Becker Plaza,Female
352,Basilio Mosey,409349452,Web Developer,137811,56,7,8426 Cambridge Crossing,Male
353,Dorothee Eddow,414427866,Programmer,468396,36,8,63 Jana Parkway,Female
354,Kristi Vallerine,876192611,Front End Developer,206369,56,9,324 Mcbride Alley,Female
355,Wally Gerrish,161559052,Developer,238338,56,1,8109 Basil Hill,Female
356,Bonnee Rattenberie,874149013,Software Developer,362017,36,10,0 Commercial Circle,Female
357,Mackenzie Whiskin,305763970,Software Engineer,227496,49,5,07391 Birchwood Circle,Male
358,Claudia Frissell,832407420,Senior Software Developer,489255,52,10,25565 Manley Lane,Female
359,Garold Semered,633762160,Software Architect,290982,58,1,42 Springview Center,Male
360,Fernandina Pett,699255152,QA Engineering Manager,164313,59,2,37 Melrose Crossing,Female
361,Adrianne Stracey,435281002,Junior Software Developer,175114,52,7,12296 Morning Way,Female
362,Tammie Phelip,568360594,Web Developer,330892,46,6,0 Farragut Trail,Male
363,Emylee Grimshaw,672308644,Programmer,469901,38,8,1 Hoard Pass,Female
364,Dante Hendron,662674743,Front End Developer,472846,42,5,229 Morningstar Pass,Male
365,Jermaine Gervaise,465927560,Developer,339593,53,6,9 Green Parkway,Male
366,Karlyn Vittel,191924323,Software Developer,162844,49,4,826 Sullivan Park,Female
367,Tonye Reeson,285959260,Software Engineer,210971,49,1,173 Jay Way,Female
368,Minna Groundwater,832464064,Senior Software Developer,246592,37,0,29876 Elgar Place,Female
369,Mersey O'Howbane,371587758,Software Architect,116182,58,2,1605 Alpine Drive,Female
370,Lissa Murrell,873168542,QA Engineering Manager,346547,41,2,63595 Canary Drive,Female
371,Winnie Andres,343670791,Junior Software Developer,400043,54,1,2059 Maple Parkway,Male
372,Dulsea Mularkey,899148051,Web Developer,364272,49,8,8551 Hallows Terrace,Female
373,Lucio Ropking,419096853,Programmer,210558,59,0,50 Gerald Lane,Male
374,Jeralee Schall,832031935,Front End Developer,284863,40,3,9563 Spaight Center,Female
375,Llywellyn Cabble,809144925,Developer,232574,37,0,29 Tony Crossing,Male
376,Odetta MacConnechie,683656474,Software Developer,294432,38,8,14 Comanche Crossing,Female
377,Ezri Cammacke,584529238,Software Engineer,429955,41,6,49415 Rigney Way,Male
378,Alisha Cicchitello,697531371,Senior Software Developer,143014,47,9,0654 Sloan Street,Female
379,Niki Schultes,520262480,Software Architect,414641,43,4,51 Becker Plaza,Male
380,Hillyer Snarie,447418253,QA Engineering Manager,162700,35,7,840 Upham Place,Male
381,Bink Carnall,781121556,Junior Software Developer,267665,59,6,73 Jenifer Center,Male
382,Cece Mattussevich,534368176,Web Developer,472074,58,3,69 1st Center,Male
383,Peri McKean,809276013,Programmer,339845,47,9,2723 Lerdahl Road,Female
384,Leela Fold,403288516,Front End Developer,231984,60,10,4480 Fuller Crossing,Female
385,Karylin Janicijevic,755362598,Developer,236887,52,9,89 Rieder Plaza,Female
386,Stace Treversh,795204624,Software Developer,459814,41,9,1693 Everett Avenue,Female
387,Aretha Hardbattle,894203039,Software Engineer,306044,55,7,232 Morning Circle,Female
388,Kiel Adolphine,602819979,Senior Software Developer,382156,39,5,2211 Holy Cross Road,Male
389,Miranda Blemen,158922232,Software Architect,118389,39,7,5561 Carioca Pass,Female
390,Eldin Lycett,338889734,QA Engineering Manager,446503,47,0,6284 Basil Road,Male
391,Vonnie Sibbons,257416627,Junior Software Developer,308445,53,9,21 Lakeland Point,Female
392,Eustace Johantges,236542057,Web Developer,372295,43,1,6190 Bobwhite Court,Male
393,Rina McMenamin,142568536,Programmer,425303,47,4,84 Goodland Place,Female
394,Selle Burnel,894075619,Front End Developer,333205,39,0,6 Judy Place,Female
395,Randell Ayliff,384276025,Developer,449824,49,6,43999 Warner Hill,Male
396,Marnia Lawry,225683818,Software Developer,241313,36,10,4 Delladonna Center,Female
397,Purcell Dobrovsky,720999447,Software Engineer,457479,60,2,5385 Merrick Place,Male
398,Farris Petric,125304107,Senior Software Developer,276139,45,8,8 Elgar Street,Male
399,Michaela Pesik,413726236,Software Architect,144007,54,4,6932 Melvin Alley,Female
400,Jarid Cund,585621295,QA Engineering Manager,270740,47,0,7608 Knutson Junction,Male
401,Dory Georgot,382364444,Junior Software Developer,144456,38,0,779 Killdeer Plaza,Male
402,Tod Shimoni,221512755,Web Developer,410839,47,5,51 Logan Hill,Male
403,Gaye Drage,742398107,Programmer,336607,59,3,8 Longview Circle,Female
404,Avrit Bambrick,501627448,Front End Developer,217052,39,3,874 Rusk Drive,Female
405,Nicolea Hayley,671821918,Developer,287185,49,10,0135 Division Center,Female
406,Nani Burfitt,558431361,Software Developer,196254,40,8,9 Kropf Pass,Female
407,Meggie Richfield,557857195,Software Engineer,372178,56,5,4 Sullivan Park,Female
408,Guthry D'Enrico,295419126,Senior Software Developer,115556,48,5,270 Moulton Trail,Male
409,Ted Christophle,703974013,Software Architect,152424,52,10,9886 Badeau Avenue,Female
410,Carr Foxcroft,538878167,QA Engineering Manager,321135,58,4,552 Acker Junction,Male
411,Carissa Beacom,851701690,Junior Software Developer,491534,45,3,5 6th Road,Female
412,Roanna Powrie,819606224,Web Developer,433633,58,0,9332 Mcguire Plaza,Female
413,Elayne Loveridge,644021365,Programmer,415458,50,9,0 Sundown Junction,Female
414,Averell Kennion,259178324,Front End Developer,177498,57,4,08399 Mcguire Point,Male
415,Donny Hamal,277734602,Developer,492211,39,8,7 Anhalt Park,Male
416,Angie Gligori,181247410,Software Developer,380537,42,10,8172 Vidon Street,Male
417,Harman Overnell,647751596,Software Engineer,309476,48,1,5 Village Green Crossing,Male
418,Lynda Aronovich,602831551,Senior Software Developer,106757,54,5,39725 Cardinal Junction,Female
419,My Speedy,776774640,Software Architect,221676,49,10,0926 Arrowood Circle,Male
420,Janene Navan,283790863,QA Engineering Manager,379636,50,9,51617 Morrow Junction,Female
421,Willamina Del Monte,176430025,Junior Software Developer,325771,56,3,318 Pawling Crossing,Female
422,Marilin Stock,426407183,Web Developer,160052,58,4,827 Clemons Avenue,Female
423,Garvey Zambonini,162817600,Programmer,278420,35,3,55072 Oakridge Plaza,Male
424,Constantine Bidgod,388489162,Front End Developer,460197,42,5,3 Artisan Lane,Female
425,Gardener Yoodall,586610562,Developer,351725,46,5,63887 Texas Parkway,Male
426,Akim Coleman,138248584,Software Developer,491311,56,0,9107 Scofield Place,Male
427,Madge Cattlemull,368876630,Software Engineer,150398,49,3,546 Troy Circle,Female
428,Omar Grassick,212112016,Senior Software Developer,123365,39,1,486 Saint Paul Way,Male
429,Jerald Wallwork,322148945,Software Architect,129323,50,7,27 Merrick Park,Male
430,Ashlin Dorsett,239646097,QA Engineering Manager,258357,40,3,36246 Eastwood Street,Male
431,Dara Dugald,771641560,Junior Software Developer,249462,52,2,852 Old Gate Plaza,Female
432,Cullan Portugal,491495797,Web Developer,128623,50,7,66 Del Mar Avenue,Male
433,Jackelyn Whapple,649146640,Programmer,457746,47,10,7 Hansons Lane,Female
434,Cordula Sliman,147872354,Front End Developer,454058,43,7,05 Morrow Road,Female
435,Joly Timberlake,211821086,Developer,353162,36,10,25455 Prentice Lane,Female
436,Jasmin Lanchbury,665375950,Software Developer,202242,48,8,2 Sycamore Hill,Female
437,Jack Darkins,475241615,Software Engineer,414666,46,3,40 Raven Terrace,Male
438,Amalea Foxon,175899157,Senior Software Developer,467181,41,7,331 School Place,Female
439,Ingrim Taree,756507352,Software Architect,163594,49,2,48529 Arapahoe Trail,Male
440,Hermie Bemand,748793122,QA Engineering Manager,407583,39,9,148 Monterey Junction,Male
441,Vince Poulsum,693954012,Junior Software Developer,484164,53,7,441 East Center,Male
442,Benito Haslam,795537352,Web Developer,242851,56,5,79026 Sunnyside Street,Male
443,Gina Corns,328492896,Programmer,381958,48,5,3705 Kings Park,Female
444,Ruthe Gorrie,562225187,Front End Developer,132260,52,6,96 Washington Road,Female
445,Engracia Milligan,332687907,Developer,245980,49,9,2481 Oakridge Junction,Female
446,Casey Mauser,380060407,Software Developer,414202,36,1,9860 Onsgard Center,Male
447,Nadine McConnulty,491235813,Software Engineer,259223,35,9,23 Tomscot Park,Female
448,Roanna Sarton,391271353,Senior Software Developer,480745,60,4,06 Prairie Rose Drive,Female
449,Harper Dawidowicz,470695198,Software Architect,474586,38,5,71417 Moulton Road,Male
450,Timothee Santry,814309569,QA Engineering Manager,354871,43,4,1615 5th Lane,Male
451,Waylan Arnecke,553061280,Junior Software Developer,252731,52,0,2944 Becker Drive,Male
452,Skyler Castellino,177694214,Web Developer,350984,49,3,7 Roth Trail,Male
453,Benedicta Gooding,784486085,Programmer,230045,37,10,838 Superior Circle,Female
454,Lydia Abrahamsson,394234714,Front End Developer,106350,54,8,5407 Declaration Pass,Female
455,Velma Izhak,198980192,Developer,405449,53,6,7 Towne Terrace,Female
456,Reine Messier,650338146,Software Developer,357716,44,2,93 Hintze Circle,Female
457,Stinky Southouse,425907420,Software Engineer,280059,35,9,639 Nobel Trail,Male
458,Adrien Durston,146207042,Senior Software Developer,295637,51,10,71 Rockefeller Parkway,Male
459,Maximilien Hemstead,563904980,Software Architect,260859,58,4,04 Loftsgordon Terrace,Male
460,Ariel Klosges,174231936,QA Engineering Manager,347541,54,7,96 High Crossing Pass,Male
461,Earle Collingridge,721553028,Junior Software Developer,222763,60,6,9 Onsgard Drive,Male
462,Waiter Ramshaw,136702829,Web Developer,349956,50,9,1344 Emmet Point,Male
463,Addie Patershall,145617926,Programmer,367850,44,6,95 Golden Leaf Road,Male
464,Hebert Mattocks,714695637,Front End Developer,377540,50,5,05218 Dawn Lane,Male
465,Carmelle Apark,268916796,Developer,119191,43,0,01 Summer Ridge Avenue,Female
466,Darbee Scotchforth,268906771,Software Developer,306867,51,9,51814 1st Junction,Male
467,Darya Beetham,432965496,Software Engineer,438494,58,4,90 Waywood Parkway,Female
468,Kristo Josuweit,784830169,Senior Software Developer,158787,36,2,50 Waubesa Parkway,Male
469,Sullivan Roswarn,373409463,Software Architect,498788,57,7,54 Knutson Avenue,Male
470,Jennica Corssen,659593694,QA Engineering Manager,486722,49,7,1 Jackson Court,Female
471,Carri Ebenezer,848874464,Junior Software Developer,121919,40,9,71 Eagle Crest Park,Female
472,Vickie Padberry,899508953,Web Developer,203762,45,9,989 Service Park,Female
473,Stevie Patters,337465038,Programmer,145250,51,9,9 Claremont Point,Male
474,Meyer Rosenbloom,326498219,Front End Developer,367914,53,6,12619 Roxbury Plaza,Male
475,Jenilee Dupoy,579492864,Developer,208269,50,1,025 Karstens Place,Female
476,Kennedy Baumler,819340745,Software Developer,401029,54,3,599 Schiller Trail,Male
477,Powell Tomeo,227183393,Software Engineer,209086,35,1,199 Sugar Trail,Male
478,Kevan Jeeks,891279020,Senior Software Developer,433823,47,6,31087 Orin Center,Male
479,Ibbie Simpson,221448844,Software Architect,269675,55,3,03 Dahle Center,Female
480,Gisella Apark,499099226,QA Engineering Manager,172693,55,8,77 Graedel Point,Female
481,Royal Mityashev,736340629,Junior Software Developer,495561,50,1,22 Nancy Circle,Male
482,Tanhya Brilleman,277535404,Web Developer,463186,39,3,0 Starling Road,Female
483,Daffi Donahue,623394192,Programmer,469047,35,0,45 Dakota Parkway,Female
484,Dasha Kleynermans,745807464,Front End Developer,449193,42,8,81 Crescent Oaks Avenue,Female
485,Petey Aberkirder,152729836,Developer,108843,58,3,903 Gulseth Court,Male
486,Gabrila Camoletto,191939803,Software Developer,208181,47,2,8238 Helena Circle,Female
487,Aili O'Day,825325092,Software Engineer,192217,55,10,595 Maywood Avenue,Female
488,Salmon Gronowe,404828950,Senior Software Developer,321469,42,1,875 Swallow Court,Male
489,Myca Wherrett,285778754,Software Architect,129654,53,8,16 Meadow Valley Street,Male
490,Shane Tippings,116249126,QA Engineering Manager,448786,43,3,0 Lunder Lane,Male
491,Christye Fife,845366126,Junior Software Developer,375271,54,1,8595 Thierer Parkway,Female
492,Aksel Reagan,811654758,Web Developer,449937,59,3,1401 Lighthouse Bay Avenue,Male
493,Meghan Chivers,548455277,Programmer,183786,39,6,39206 Corben Pass,Female
494,Gallard Moisey,758395558,Front End Developer,480427,49,10,579 Surrey Lane,Male
495,Saree Stobie,402704232,Developer,393813,42,2,0968 Mayer Terrace,Female
496,Sollie Baglow,852424015,Software Developer,143352,50,9,61319 Jenifer Junction,Male
497,Paxton Antliff,179596309,Software Engineer,399802,45,1,060 Scofield Lane,Male
498,Haydon Merrigans,582453186,Senior Software Developer,431354,60,2,9467 Badeau Avenue,Male
499,Izak Reggio,217184944,Software Architect,113347,37,4,8 Alpine Crossing,Male
500,Armin Ricketts,880948125,QA Engineering Manager,193647,40,7,7600 Charing Cross Terrace,Male